958,札幌エスタ店,141.3565306,43.065065,北海道,札幌市中央区,北5条西2-1 札幌ターミナルビルB1,060-0005
417,サッポロファクトリー店,141.3665339,43.06255,北海道,札幌市中央区,北2条東4 サッポロファクトリーニ条館B1F,060-0032
730,札幌四番街店,141.3571911,43.0536247,北海道,札幌市中央区,南四条西3-9 2Mビル,064-0804
640,円山店,141.3198878,43.0530233,北海道,札幌市中央区,大通西27-1-10 ,064-0820
729,宮の森店,141.3058908,43.0555153,北海道,札幌市中央区,宮の森2条10-5-10 ,064-0952
440,北二十四条店,141.3466878,43.0890258,北海道,札幌市北区,北24条西4-4-15 猪村ビル,001-0024
652,札幌麻生店,141.3422431,43.1063306,北海道,札幌市北区,北40条西4-2-20 むらもとビル,001-0040
7039,イトーヨーカドー屯田店,141.3444792,43.1377856,北海道,札幌市北区,屯田8条3-5 ,001-0858
1153,札幌篠路店,141.3541456,43.1436747,北海道,札幌市北区,篠路3条1-1-10 ,002-8023
1024,札幌環状通東店,141.3760736,43.0793572,北海道,札幌市東区,北15条東14-3-1 ,065-0015
653,札幌元町店,141.3863447,43.0918078,北海道,札幌市東区,北23条東20-5-19 ,065-0023
1406,イオン札幌元町店,141.372125,43.0990175,北海道,札幌市東区,北31条東15-1-1,065-0031
7127,イオンモール札幌苗穂店,141.4072333,43.0776458,北海道,札幌市東区,東苗穂2条3丁目1,065-0802
7166,アリオ札幌店,141.3739278,43.0687525,北海道,札幌市東区,北7条東9-2-20　2F,065-8518
518,白石店,141.4015026,43.0429787,北海道,札幌市白石区,南郷通1-南10-7 松下ビル,003-0000
665,南郷18丁目店,141.4386572,43.0258369,北海道,札幌市白石区,栄通19-4-19 ,003-0021
837,月寒店,141.4023039,43.0235208,北海道,札幌市豊平区,月寒中央通10-2-5 ,062-0020
7088,札幌ドーム店,141.4142036,43.013165,北海道,札幌市豊平区,羊ヶ丘1 ,062-0045
430,平岸店,141.3729656,43.0315917,北海道,札幌市豊平区,平岸3条8-1-31 ,062-0933
404,真駒内店,141.3583847,42.987975,北海道,札幌市南区,真駒内幸町2-1-12 ミュークリスタル,005-0014
7137,イオン札幌藻岩店,141.3405194,42.9969053,北海道,札幌市南区,川沿2条2丁目1番1号,005-0802
602,札幌川沿店,141.3378763,42.9896077,北海道,札幌市南区,川沿5条2-3-10 コープソシア,005-0805
444,琴似店,141.3068572,43.0733494,北海道,札幌市西区,琴似1条5-4-18 細川ビル,063-0811
3021,イオンモール発寒店,141.2807773,43.0935775,北海道,札幌市西区,発寒8条12丁目1番1号,063-0828
931,八軒店,141.31362,43.0800808,北海道,札幌市西区,八軒1条西1-6-15 ,063-0841
488,サンピアザ店,141.4759619,43.0351797,北海道,札幌市厚別区,厚別中央2条5-7-2 サンピアザ2F,004-0052
7074,西友厚別店,141.4730606,43.0510306,北海道,札幌市厚別区,厚別西4条6丁目700-126,004-0064
7001,西友手稲店,141.2490647,43.118115,北海道,札幌市手稲区,前田一条11 ,006-0811
972,札幌前田店,141.2540803,43.1203088,北海道,札幌市手稲区,前田四条10-2-8 タケシンビル,006-0814
930,清田店,141.4438253,42.9967367,北海道,札幌市清田区,清田1条4-1-47 ,004-0841
7067,イオンモール札幌平岡店,141.4620517,42.9944301,北海道,札幌市清田区,平岡三条5-3-1,004-0873
495,函館駅前店,140.7332136,41.7694508,北海道,函館市,松風町6番10号,040-0035
678,函館美原店,140.7593303,41.8121939,北海道,函館市,美原2丁目13番8号,041-0806
951,函館本通店,140.7792964,41.7963986,北海道,函館市,本通4丁目17番33号,041-0851
1285,イオン小樽店,141.0252947,43.1820936,北海道,小樽市,築港11-6,047-0008
567,小樽稲穂店,141.0011819,43.1962047,北海道,小樽市,稲穂2-7-11 ,047-0032
7144,イオンモール旭川西店 ,142.3300908,43.7914276,北海道,旭川市,緑町23丁目2161番3,070-0823
582,旭川末広店,142.3875912,43.7993492,北海道,旭川市,末広1条1丁目7番14号 ,071-8131
684,旭川豊岡店,142.3977944,43.7579442,北海道,旭川市,豊岡4条2丁目5番26号,078-8234
1035,旭川永山店,142.4086936,43.7884392,北海道,旭川市,永山3条5丁目75番21号,079-8413
1301,室蘭店,141.0220005,42.351201,北海道,室蘭市,中島町1丁目21番4号,050-0074
1298,釧路十条店,144.3647533,43.0075636,北海道,釧路市,鳥取大通り2-2-8 ,084-0906
3022,イオンモール釧路昭和店,144.3630478,43.0236802,北海道,釧路市,昭和中央4丁目18番1号,084-0910
890,釧路愛国店,144.3891069,43.0077675,北海道,釧路市,愛国西1-13-21 ,085-0057
3069,釧路富士見店,144.3940264,42.9747683,北海道,釧路市,富士見町1-8-16,085-0832
7136,イトーヨーカドー帯広店,143.2019628,42.8872881,北海道,帯広市,稲田町南8線西10番地1,080-0831
881,帯広白樺店,143.1567017,42.9161023,北海道,帯広市,西19条南2丁目29番16号,080-2469
7053,イオン北見店,143.8795058,43.8059744,北海道,北見市,北進町1丁目1番1号,090-0052
1030,北見とん田店,143.8825894,43.7967167,北海道,北見市,とん田東町390番地2,090-0833
7149,イオン岩見沢店,141.7448561,43.1820719,北海道,岩見沢市,大和4条8丁目1番地,068-0854
841,網走店,144.264015,44.0188172,北海道,網走市,南2条西5-1-1 ,093-0012
7156,イオンモール苫小牧店,141.6456608,42.6536964,北海道,苫小牧市,柳町3丁目1番20号,053-0053
865,苫小牧桜木店,141.5562689,42.6286783,北海道,苫小牧市,桜木町3丁目19番21号,053-0832
661,江別店,141.5307611,43.0925547,北海道,江別市,野幌町41-5 あおいビル,069-0813
1144,紋別店,143.3389181,44.3597442,北海道,紋別市,落石町4-18-12,094-0007
7034,名寄店,142.4616947,44.3459928,北海道,名寄市,西4条南8  西條1F,096-0014
677,千歳店,141.6522261,42.8276864,北海道,千歳市,栄町7-1237 ,066-0061
7197,ダイエー滝川店,141.9349544,43.5517614,北海道,滝川市,東町2丁目25-3,073-0024
1023,恵み野店,141.5816478,42.9003172,北海道,恵庭市,恵み野西1-8-5 ,061-1373
1273,イオン伊達店,140.8665056,42.4709731,北海道,伊達市,末永町8番地1,052-0021
7187,ダイエー上磯店,140.7159372,41.8190019,北海道,北斗市,七重浜4-44-1　ダイエー上磯店1F,049-0111
1278,イオン静内店,142.3593325,42.3405544,北海道,日高郡新ひだか町,静内末広町2丁目1番1号,056-0026
7072,イオン釧路店,144.4084725,43.00655,北海道,釧路郡釧路町,桂木1-1-7 ,088-0621
1010,釧路木場店,144.4122649,43.0072164,北海道,釧路郡釧路町,木場2-2 ,088-0622
7161,中標津店,144.9817508,43.5332108,北海道,標津郡中標津町,南町3番地10　東武サウスヒルズ1F,086-1100
723,フレッシュモールあらまき店,139.06094,36.4215824,群馬県,前橋市,荒牧町1丁目10番地１ ,371-0044
3026,けやきウォーク前橋店,139.0811236,36.3761671,群馬県,前橋市,文京町2-1-1,371-0801
7229,ベイシア前橋みなみモール店,139.0996242,36.3270169,群馬県,前橋市,新堀町893,379-2143
3170,前橋野中店,139.1102418,36.377135,群馬県,前橋市,野中町１０４−１,379-2166
557,高前バイパス店,139.0328692,36.3717067,群馬県,高崎市,中尾町1421-1 ,370-0001
629,高崎小鳥店,138.9961686,36.3506158,群馬県,高崎市,下小鳥町67-6 ,370-0074
483,倉賀野バイパス店,139.0339564,36.3081825,群馬県,高崎市,下之城町字村北176-8 ,370-0854
7174,イオンモール高崎店,139.0093483,36.3881469,群馬県,高崎市,棟高町1400,370-3521
1257,桐生広沢店,139.3436439,36.3787895,群馬県,桐生市,広沢町4-2050-1 ,376-0013
605,桐生店,139.3401908,36.4076939,群馬県,桐生市,末広町8-21 ,376-0045
846,伊勢崎三郷店,139.1911378,36.3330164,群馬県,伊勢崎市,太田町976-1,372-0006
654,伊勢崎店,139.1985794,36.3089631,群馬県,伊勢崎市,今泉町2-418-12 ,372-0031
3060,SMARK店,139.2354128,36.3367756,群馬県,伊勢崎市,西小保方町368,379-2224
7132,新田店,139.3049811,36.3006989,群馬県,太田市,新田市野井592-13ニコモール内,370-0314
7139,イオンモール太田店,139.403585,36.2920278,群馬県,太田市,石原町81番,373-0808
1440,高林店,139.3799262,36.2599237,群馬県,太田市,高林寿町1809 ショッピングセンターラブ内,373-0824
979,沼田店,139.0759672,36.6518739,群馬県,沼田市,横塚町橋場1366-6 ,378-0002
1450,館林店,139.5444664,36.2308969,群馬県,館林市,東美園町18-4 ,374-0031
1186,渋川店,138.9952192,36.4957233,群馬県,渋川市,渋川412-5 ,377-0008
917,藤岡店,139.0646217,36.2388961,群馬県,藤岡市,上大塚字一本木341-5 ,375-0054
929,富岡店,138.8648689,36.2497186,群馬県,富岡市,一の宮町1759-1 ,370-2452
7190,ベイシア安中店,138.9277514,36.330795,群馬県,安中市,中宿2130,379-0115
1218,原町店,138.8321603,36.5723406,群馬県,吾妻郡東吾妻町,大字原町761-2 ,377-0801
4012,大宮三橋町店,139.5981092,35.9047772,埼玉県,さいたま市西区,三橋5-913-1 ,331-0052
7143,イトーヨーカドー大宮宮原店,139.6251164,35.9294367,埼玉県,さいたま市北区,宮原町1-854-1,331-0812
7178,イオン大宮店,139.6127294,35.9201606,埼玉県,さいたま市北区,櫛引町2-574-1 ,331-0825
3092,大宮大和田店,139.6508531,35.9211156,埼玉県,さいたま市見沼区,大和田町1-497-1,337-0053
4248,イオンモール与野店,139.61835,35.8869731,埼玉県,さいたま市中央区,本町西5-2-9,338-0004
6025,さいたまスーパーアリーナ店,139.6338139,35.8919969,埼玉県,さいたま市中央区,新都心8  さいたまスーパーアリーナ内,338-0011
6011,イオン北浦和店,139.6418908,35.8683872,埼玉県,さいたま市浦和区,常盤10-20-29 ,330-0061
4258,浦和仲町店,139.6584292,35.8567481,埼玉県,さいたま市浦和区,仲町1-2-7,330-0062
378,南浦和店,139.6736747,35.844185,埼玉県,さいたま市南区,南浦和2-39-16 第五大雄ビル1F,336-0017
220,浦和六辻店,139.6632669,35.8365717,埼玉県,さいたま市南区,根岸5-24-6 ,336-0024
4125,東浦和店,139.696859,35.874349,埼玉県,さいたま市緑区,大間木194-1,336-0923
4198,イオンモール浦和美園店,139.7343806,35.8877617,埼玉県,さいたま市緑区,大字大門3710イオンモール浦和美園内,336-0963
1316,アピタ岩槻店,139.7507482,35.9435674,埼玉県,さいたま市岩槻区,大字大口800  アピタ岩槻内,339-0013
523,川越脇田新町店,139.4750328,35.9009483,埼玉県,川越市,脇田新町5-3 川越サンリオファーム内,350-1121
4285,川越マイン店,139.487176,35.9041764,埼玉県,川越市,脇田町103,350-1122
7133,イオン熊谷店,139.3820703,36.142325,埼玉県,熊谷市,本石2-135 ,360-0815
4217,ミエル川口店,139.7306662,35.7976624,埼玉県,川口市,本町2-7-25,332-0012
4273,ララガーデン川口店,139.7015292,35.8020511,埼玉県,川口市,宮町１８−９,332-0028
4235,アリオ川口店,139.7171553,35.8040881,埼玉県,川口市,並木元町1-79,332-0033
276,西川口店,139.7081789,35.8127744,埼玉県,川口市,並木3-1-1 ,332-0034
4061,東川口店,139.7551633,35.8653189,埼玉県,川口市,戸塚3-35-11 ,333-0811
4234,イオンモール川口前川店,139.7099354,35.8301929,埼玉県,川口市,前川1-1-11,333-0842
1452,行田店,139.4349417,36.1324531,埼玉県,行田市,大字持田2229-1 ,361-0056
1462,秩父店,139.0949188,36.0030988,埼玉県,秩父市,中宮地町21-6 ,368-0022
4120,西友所沢花園店,139.4593756,35.8083931,埼玉県,所沢市,花園1-2313,359-0047
247,所沢駅前店,139.4759956,35.7839942,埼玉県,所沢市,日吉町2-2 ,359-1123
6033,西武ドーム店,139.4216368,35.7667353,埼玉県,所沢市,上山口2135,359-1196
1451,加須店,139.6211336,36.1219981,埼玉県,加須市,北小浜103 ,347-0011
7213,ピオニウォーク東松山店,139.4139353,36.0022211,埼玉県,東松山市,あずま町4-3  ピオニウォーク東松山ガーデンコート内,355-8606
923,春日部駅前店,139.7561733,35.9770022,埼玉県,春日部市,粕壁1-10-1 ,344-0061
3183,イオンモール春日部店,139.7930414,35.9852203,埼玉県,春日部市,下柳420-1 2F,344-0122
4117,イオン狭山店,139.4133639,35.8646831,埼玉県,狭山市,上奥富1126番地-1,350-1333
7182,イオンモール羽生店,139.546116,36.1393832,埼玉県,羽生市,川崎2-281-3,348-0039
4228,エルミこうのす店,139.5129203,36.0569322,埼玉県,鴻巣市,本町1-1-2,365-0038
233,鴻巣店,139.5149992,36.0632397,埼玉県,鴻巣市,宮地1-6-12 ,365-0075
1449,深谷店,139.3044914,36.1777867,埼玉県,深谷市,上柴町東4-16-19 ,366-0051
3101,上尾駅前店,139.5906753,35.9697686,埼玉県,上尾市,谷津2-1-50-1 上尾協和ビル1F,362-0042
797,草加店,139.81037,35.8267242,埼玉県,草加市,住吉1-1-15 ,340-0014
1124,草加駅前店,139.8078083,35.8245783,埼玉県,草加市,高砂2-7-1 アコス南館1F,340-0015
3197,島忠ホームズ草加舎人店 ,139.7734861,35.8149947,埼玉県,草加市,遊馬町２−１,340-0032
787,せんげん台店,139.77737,35.9325564,埼玉県,越谷市,千間台西1-67 千間台駅ビル内,343-0041
202,北越谷店,139.7706658,35.9022,埼玉県,越谷市,南荻島左敷田157-1 ,343-0804
196,越谷駅前店,139.7897272,35.8849967,埼玉県,越谷市,弥生町3-24 ,343-0816
7193,イオンレイクタウン店,139.8314683,35.8779669,埼玉県,越谷市,レイクタウン3丁目1番地1,343-0826
4175,イトーヨーカドー錦町,139.6811211,35.8185283,埼玉県,蕨市,錦町1-12-1,335-0005
4203,イオンモール北戸田店,139.6558443,35.8233843,埼玉県,戸田市,美女木東1-3-1　イオンモール北戸田店内　1F,335-0032
4256,イオン入間店,139.3981128,35.8187111,埼玉県,入間市,上藤沢462-1　イオン入間SC1F,358-0013
4293,ベルク入間野田店,139.3646727,35.8416179,埼玉県,入間市,野田894-1　ベルク入間野田店１F,358-0054
1446,朝霞台店,139.5898347,35.8116061,埼玉県,朝霞市,東弁財1-4-17 ,351-0022
995,和光市駅店,139.6156994,35.7849503,埼玉県,和光市,本町4-6 ,351-0114
818,志木南口駅前店,139.5777036,35.8190447,埼玉県,新座市,東北2-38-2 ,352-0001
7204,オリンピック新座店,139.552945,35.814995,埼玉県,新座市,中野2-1-38,352-0005
126,新座野火止店,139.5705689,35.7942442,埼玉県,新座市,野火止8-1-16 ,352-0011
4294,ベニバナウォーク桶川店,139.5536594,35.9937342,埼玉県,桶川市,桶川都市計画事業下日出谷東特定土地区画整理事業地内　42街区１区画地,363-8555
4275,アリオ鷲宮店 ,139.6646018,36.0750804,埼玉県,久喜市,久本寺字谷田7-1,340-0212
906,久喜店,139.6807172,36.06244,埼玉県,久喜市,中央2-1-1 ,346-0003
4245,モラージュ菖蒲店,139.6148681,36.0719569,埼玉県,久喜市,菖蒲町菖蒲3555番地,346-0106
7159,イトーヨーカドー三郷店,139.8576042,35.8398242,埼玉県,三郷市,天神2-22,341-0051
4086,MEGAドン・キホーテ蓮田店,139.6607947,35.9771058,埼玉県,蓮田市,東4-4258-22 ,349-0111
222,蓮田店,139.658623,35.9991939,埼玉県,蓮田市,西新宿1-15 ,349-0141
252,幸手店,139.7200997,36.0643614,埼玉県,幸手市,大字上高野737 ,340-0155
686,鶴ケ島店,139.3976219,35.9419842,埼玉県,鶴ヶ島市,脚折町4-22-13 ,350-2213
7170,ベイシア日高店,139.3756761,35.9104719,埼玉県,日高市,大字森戸新田字藤久保88-5,350-1211
1178,吉川駅前店,139.8474375,35.8750517,埼玉県,吉川市,保1-13-3 吉川駅前ショッピングプラザ,342-0041
6023,イオン大井店,139.5175264,35.8566208,埼玉県,ふじみ野市,ふじみ野1丁目2番1号,356-0051
4196,ウニクス伊奈店,139.6160989,36.0070714,埼玉県,北足立郡伊奈町,学園2-188-1,362-0813
7171,カインズホーム滑川店,139.370505,36.0578894,埼玉県,比企郡滑川町,大字羽尾字蔵之前2691-1,355-0811
7168,カインズホーム嵐山店,139.3115075,36.0465261,埼玉県,比企郡嵐山町,大字平澤字遠道800-1,355-0215
7177,カインズホーム川島インター店,139.4699075,35.9721608,埼玉県,比企郡川島町,大字上伊草字五反田191-1,350-0152
7179,ウニクス上里店,139.1566731,36.2354817,埼玉県,児玉郡上里町,七本木2271-1,369-0306
3102,京成千葉中央店,140.1205851,35.6045977,千葉県,千葉市中央区,本千葉町15-1,260-0014
69,三越千葉店,140.1202953,35.6077036,千葉県,千葉市中央区,富士見2-5 ,260-0015
164,蘇我店,140.1341931,35.5823789,千葉県,千葉市中央区,南町1-2-12 ,260-0842
6021,イトーヨーカドー幕張店,140.0544917,35.6532586,千葉県,千葉市花見川区,幕張町4-417-25 ,262-0032
6102,マミーマート稲毛長沼店,140.1306369,35.6535008,千葉県,千葉市稲毛区,長沼原町731-17,263-0001
4212,ダイエー千葉長沼店,140.1206108,35.6540206,千葉県,千葉市稲毛区,長沼町330-50,263-0005
6105,イオン稲毛店,140.0982258,35.6334417,千葉県,千葉市稲毛区,小仲台1-4-20,263-0043
4151,都賀店,140.1560203,35.6329853,千葉県,千葉市若葉区,都賀3-30-9 ,264-0025
4024,イオン鎌取店,140.180835,35.5581981,千葉県,千葉市緑区,おゆみ野3-16-1,266-0031
4130,ミスターマックスおゆみ野店,140.1648853,35.5512497,千葉県,千葉市緑区,おゆみ野中央2-3-1,266-0032
4146,土気あすみが丘店,140.2705411,35.5174244,千葉県,千葉市緑区,あすみが丘7-1,267-0066
4284,稲毛マリンピア店,140.0763866,35.6251446,千葉県,千葉市美浜区,高洲3-13-1　マリンピア　1階,261-0004
4092,イオン幕張店,140.0486753,35.6487392,千葉県,千葉市美浜区,ひび野1-3 ,261-0021
4288,イオンモール幕張新都心店,140.0302423,35.652549,千葉県,千葉市美浜区,豊砂1-5<br /> イオンモール幕張新都心ファミリーモール3階,261-8535
1239,銚子松岸店,140.8014844,35.7364791,千葉県,銚子市,長塚町3-650-37 ,288-0837
4095,ショップス市川店,139.9399092,35.7057913,千葉県,市川市,鬼高3-28-16 ショップス市川内,272-0015
151,本八幡店,139.9306111,35.7190897,千葉県,市川市,八幡2-5-2 二葉屋ビル,272-0021
73,市川店,139.9119144,35.7263644,千葉県,市川市,市川1-6-14 市川金子ビル,272-0034
4255,イオン市川妙典店,139.9311667,35.6897194,千葉県,市川市,妙典5-3-1　1番街1Fイオン内,272-0111
4153,東船橋店,140.0124497,35.6940203,千葉県,船橋市,東船橋4-19 ,273-0002
3048,船橋駅前店,139.9895867,35.6969508,千葉県,船橋市,本町4-45-22 ,273-0005
3160,イオンモール船橋店,139.9813641,35.7078762,千葉県,船橋市,山手１−１−８,2730045
1148,船橋芝山店,140.0232328,35.7171957,千葉県,船橋市,芝山4-1 ,274-0816
4180,カインズホーム館山店,139.8766772,35.0064083,千葉県,館山市,高井1771,294-0041
4280,木更津店,139.9367772,35.3700271,千葉県,木更津市,文京４丁目5-23,292-0804
4297,イオンモール木更津店,139.9107441,35.3632951,千葉県,木更津市,築地 １-4　イオンモール木更津１階,292-0835
3023,ダイエー新松戸店,139.9188875,35.8220311,千葉県,松戸市,新松戸3-2-2　1F,270-0034
3206,東松戸店,139.9466671,35.7669886,千葉県,松戸市,東松戸２−１５８,270-2225
980,五香駅前店,139.9676666,35.7935971,千葉県,松戸市,常盤平5-17-15 ,270-2261
1062,北松戸店,139.9220461,35.7907081,千葉県,松戸市,上本郷1-3064 ,271-0064
532,松戸店,139.90272,35.7815122,千葉県,松戸市,本町18-9 軍次屋ビル,271-0091
745,野田店,139.8882875,35.9406239,千葉県,野田市,中根302-1 ,278-0031
1491,イオンタウン七光台店,139.8566447,35.9781864,千葉県,野田市,七光台4-2,278-0051
4268,茂原店,140.2901099,35.4305093,千葉県,茂原市,道表18-10,297-0028
7046,イオン成田店,140.3216436,35.79241,千葉県,成田市,ウィング土屋24番地,286-0021
1488,成田ニュータウン店,140.3016992,35.7666975,千葉県,成田市,江弁須490-2 ,286-0047
1490,佐倉店,140.2339006,35.7090481,千葉県,佐倉市,表町3-20-6 ,285-0811
4152,志津店,140.1465567,35.7106803,千葉県,佐倉市,上志津1600-1 ,285-0846
255,東金バイパス店,140.3701575,35.552165,千葉県,東金市,東上宿2-28 ,283-0067
4119,イトーヨーカドー東習志野店,140.0789908,35.698645,千葉県,習志野市,東習志野7-3-1,275-0001
190,津田沼店,140.0256797,35.6875772,千葉県,習志野市,津田沼1-10-47 ,275-0016
1486,ミスターマックス新習志野ショッピングセンター店,140.0158767,35.6625814,千葉県,習志野市,茜浜2-2-1,275-0024
739,スカイプラザ柏店,139.97537,35.8590631,千葉県,柏市,柏1-1-20 スカイプラザ柏B1,277-0005
489,柏店,139.9744581,35.8568014,千葉県,柏市,中央町2-7 ,277-0021
1296,イオンタウン松ヶ崎店,139.97076,35.876164,千葉県,柏市,大山台1-6 ,277-0835
3018,イオンモール柏店,139.9650431,35.8486269,千葉県,柏市,豊町2丁目5番25号,277-0854
4154,市原国分寺台店,140.1203558,35.4913986,千葉県,市原市,東国分寺台1-1-13 ,290-0023
4286,アリオ市原店,140.104931,35.5049673,千葉県,市原市,更級4丁目3番地,290-0050
4041,アピタ市原店,140.0692622,35.5114131,千葉県,市原市,青柳北1-1 ,299-0101
4262,姉ヶ崎店,140.0477822,35.4749261,千葉県,市原市,姉ヶ崎587-1,299-0111
7125,イトーヨーカドー流山店,139.9027547,35.8468989,千葉県,流山市,流山9-800-2,270-0164
1259,京成勝田台店,140.1298497,35.7121289,千葉県,八千代市,勝田台1-8-1 ,276-0023
3044,イオンモール八千代緑が丘店,140.076185,35.7247456,千葉県,八千代市,緑が丘2-1-3,276-0049
7208,あびこショッピングプラザ店,140.0123753,35.8733336,千葉県,我孫子市,我孫子4-11-1,270-1166
4145,ベイシア鴨川店,140.1003319,35.0997781,千葉県,鴨川市,貝渚字中川間300,296-0004
3001,新鎌ヶ谷店,140.0016758,35.7763356,千葉県,鎌ケ谷市,新鎌ヶ谷2-9-4,273-0105
273,君津店,139.9275219,35.3231167,千葉県,君津市,南子安6-21-15 ,299-1162
205,浦安店,139.8966017,35.6619908,千葉県,浦安市,北栄1-16-16 折本ビル,279-0002
4192,ダイエー新浦安店,139.9180753,35.6457197,千葉県,浦安市,入船1-4-1,279-0012
4107,イトーヨーカドー新浦安店,139.9260914,35.6397272,千葉県,浦安市,明海4-1-1,279-0014
7154,イトーヨーカドー四街道店,140.1683983,35.6645339,千葉県,四街道市,中央5番地,284-0003
1309,イオン八街店,140.3149406,35.6778197,千葉県,八街市,文違字文違野301-3-6 ,289-1104
7119,ジョイフル本田千葉ニュータウン店,140.1579881,35.8038706,千葉県,印西市,草深1921,270-1337
1324,イオン千葉ニュータウン店,140.11706,35.799625,千葉県,印西市,中央北3-1-1 ,270-1350
1128,八日市場店,140.5619631,35.7008965,千葉県,匝瑳市,八日市場ハ-962-5 ,289-2141
1251,佐原店,140.4923064,35.8976514,千葉県,香取市,佐原ホ1244-2 ,287-0005
4124,MEGAドン．キホーテ成東店,140.4011608,35.5925511,千葉県,山武市,成東1808-1,289-1326
4291,読売新聞東京本社ビル店,139.768009,35.6838697,東京都,千代田区,大手町1-7-1   読売新聞東京本社ビル1階,100-0004
4197,秋葉原店,139.7740908,35.6953258,東京都,千代田区,外神田1丁目4番11号,101-0021
4159,銀座INZ店,139.7674522,35.6704023,東京都,中央区,銀座西3-1 INZ1,104-0061
4176,新橋店,139.7599558,35.6627439,東京都,港区,新橋3-16-24,105-0004
10,北青山店,139.7144354,35.6608332,東京都,港区,北青山3-10-7,107-0061
4270,三田店 ,139.748074,35.6450521,東京都,港区,芝5-14-15,108-0014
4238,四谷駅前店,139.7324586,35.6830561,東京都,新宿区,四谷1-3,160-0004
6040,神宮球場店,139.7198078,35.6705122,東京都,新宿区,霞ヶ丘町3-1　明治神宮野球場　外野客席通路内,160-0013
6041,神宮球場　ライト店,139.7198981,35.6704579,東京都,新宿区,霞ヶ丘町3-1　明治神宮野球場内,160-0013
63,新宿店,139.7062028,35.6897178,東京都,新宿区,新宿3-20-6 FSビル,160-0022
155,新宿西口店,139.7026419,35.6897278,東京都,新宿区,西新宿1-2-10 ,160-0023
4047,新宿南口店,139.7018208,35.6857858,東京都,新宿区,西新宿1-18-17 ,160-0023
30,高田馬場店,139.7079053,35.7089498,東京都,新宿区,高田馬場1-28-10 ,169-0075
4283,東京ドームシティラクーア店,139.7554688,35.7038536,東京都,文京区,春日１−１−１ 東京ドームシティラクーア内,112-0003
6036,東京ドーム店,139.7548556,35.7026633,東京都,文京区,後楽1-3-61 ,112-8575
129,上野池ノ端店,139.7760928,35.7064589,東京都,台東区,上野2-12-23 ,110-0005
110,浅草店,139.8008358,35.7078528,東京都,台東区,浅草1-1-17 ,111-0032
3147,東京スカイツリータウン・ソラマチ店,139.8139905,35.7066477,東京都,墨田区,押上１−１−２ 東街区１階Ｅ０１１９,131-0045
4259,イトーヨーカドー曳舟店,139.8211361,35.714115,東京都,墨田区,京島1-2-1,131-0046
4162,東陽町店,139.8197769,35.6685439,東京都,江東区,東陽4-10-7 サニーハウス東陽,135-0016
4089,イトーヨーカドー木場店,139.8073759,35.662177,東京都,江東区,木場1-5-30 ,135-0042
4279,アーバンドックららぽーと豊洲店,139.7955665,35.6513214,東京都,江東区,豊洲2-4-9　マリーナキッチン内,135-8614
3162,門前仲町店,139.7997175,35.6686752,東京都,江東区,富岡1-8-18,1350047
4282,イオン東雲店,139.8052644,35.6458577,東京都,江東区,東雲1-9-10 イオン東雲SC２階フードコート,1350062
4263,サンストリート亀戸店,139.832345,35.6924973,東京都,江東区,亀戸6-31-1,136-0071
4253,アリオ北砂店,139.8290025,35.6792642,東京都,江東区,北砂2-17-1　アリオ北砂モール1F,136-0073
4097,イオン南砂店,139.8390139,35.6688138,東京都,江東区,南砂6-7-15 ,136-0076
308,青物横丁店,139.7458928,35.6068489,東京都,品川区,南品川2-4-1 ,140-0004
6028,大井競馬場1号館,139.7444889,35.5902708,東京都,品川区,勝島2-1-2内,140-0012
4050,五反田店,139.72673,35.6237539,東京都,品川区,東五反田5-27-6 第一五反田ビル,141-0022
4123,武蔵小山店,139.71032,35.6143308,東京都,品川区,荏原3-4-16,142-0063
4127,旗の台店,139.7070739,35.6020231,東京都,品川区,旗の台3丁目11-13,142-0064
1483,学芸大学店,139.6878402,35.625917,東京都,目黒区,鷹番3-6-20 ,152-0004
4246,祐天寺店,139.695005,35.6346939,東京都,目黒区,祐天寺2-1-5 高坂ビル,153-0052
1152,平和島店,139.7379642,35.575465,東京都,大田区,大森北6-13-11 ,143-0016
4105,大森西口店,139.7308919,35.5855078,東京都,大田区,山王2-2-12 ,143-0023
62,蒲田店,139.7179635,35.5588527,東京都,大田区,西蒲田7-67-5 ,144-0051
4139,蒲田東口店,139.7221839,35.5593719,東京都,大田区,蒲田5-23-1,144-0052
9,田園調布店,139.670085,35.5936558,東京都,大田区,田園調布3-25-17 ,145-0071
135,池上店,139.706365,35.5690339,東京都,大田区,池上6-3-9 ,146-0082
4008,三軒茶屋店,139.6740352,35.6406497,東京都,世田谷区,太子堂4-23-15 ,154-0004
1131,桜新町店,139.64707,35.6284294,東京都,世田谷区,桜新町2-10 ,154-0015
4271,下北沢店,139.6708669,35.6574819,東京都,世田谷区,北沢2丁目13番7号,155-0031
393,経堂店,139.6395739,35.6487336,東京都,世田谷区,経堂2-3-1 木津ビル,156-0052
1442,千歳烏山店,139.6036319,35.6651878,東京都,世田谷区,南烏山6-4-30 SNビル内,157-0062
24,成城店,139.6028989,35.6365089,東京都,世田谷区,成城2-35-10 ,157-0066
1261,奥沢店,139.6750339,35.60007,東京都,世田谷区,奥沢4-27-15 ,158-0083
1299,二子玉川店,139.6302831,35.6092772,東京都,世田谷区,玉川2-22-13 ,158-0094
485,広尾店,139.7250933,35.646861,東京都,渋谷区,広尾5-6-6 広尾プラザ内,150-0012
4071,恵比寿駅前店,139.7116758,35.6439189,東京都,渋谷区,恵比寿西1-9-4,150-0021
4156,渋谷道玄坂店,139.6999378,35.6552139,東京都,渋谷区,道玄坂2-16-6,150-0043
32,初台店,139.6903458,35.6769478,東京都,渋谷区,初台1-39-12 ,151-0061
20,中野店,139.6694881,35.703282,東京都,中野区,中野5-62-6 ,164-0001
1373,東中野店,139.6858133,35.7033049,東京都,中野区,東中野3-1-1 ,164-0003
162,高円寺店,139.652205,35.7020578,東京都,杉並区,高円寺南3-70-1 ,166-0003
13,荻窪店,139.6236692,35.7017617,東京都,杉並区,上荻1-8-10 ,167-0043
1481,永福町店,139.6470529,35.6727175,東京都,杉並区,和泉3-4-2 ,168-0063
3173,巣鴨店,139.7426483,35.7292013,東京都,豊島区,巣鴨１−１８−８ 巣鴨ＳＹマンション,170-0002
3174,駒込店,139.749941,35.7322556,東京都,豊島区,駒込１−４３−１４ ＳＫビル,170-0003
146,池袋サンシャイン通り店,139.7178978,35.7262919,東京都,豊島区,東池袋1-12-13 ,170-0013
194,池袋西口店,139.7134968,35.7285586,東京都,豊島区,西池袋1-24-1 ,171-0021
421,目白店,139.7078028,35.7192858,東京都,豊島区,目白3-5-10 ,171-0031
373,王子店,139.740643,35.7517932,東京都,北区,王子1-16-6 KFCビル1F,114-0002
218,赤羽東口店,139.7247119,35.77614,東京都,北区,赤羽1-13-2 丸玉ビル,115-0045
4067,ビーンズ赤羽店,139.7232872,35.7752661,東京都,北区,赤羽1-1-1 ビーンズ2内,115-0045
4014,サンポップ町屋店,139.7839839,35.7391839,東京都,荒川区,荒川7-50-9 サンポップB1,116-0002
4134,三ノ輪店,139.796055,35.7288239,東京都,荒川区,南千住5-3-16,116-0003
3168,西日暮里店,139.7704781,35.7291851,東京都,荒川区,西日暮里５−２１−１,116-0013
213,大山店,139.7056154,35.7457098,東京都,板橋区,大山東町59-2 江口ビル,173-0014
4272,帝京大学板橋キャンパス,139.7176244,35.7563095,東京都,板橋区,加賀２-１１-１,1730003
3190,上板橋店,139.6805625,35.7606568,東京都,板橋区,常盤台４−３２−６ ドミール常盤台,174-0071
305,高島平店,139.6645236,35.7860135,東京都,板橋区,高島平8-4-2 プラザタカシマ,175-0082
3088,東武練馬駅前店,139.6646036,35.7657912,東京都,板橋区,徳丸2-3-1　徳丸スクエア2F,175-0083
4244,ダイエー成増,139.6337339,35.7748669,東京都,板橋区,成増2-21-2,175-0094
184,練馬駅前店,139.6569789,35.7338558,東京都,練馬区,豊玉北5-19-13 ,176-0012
4264,石神井公園店,139.6094878,35.7398469,東京都,練馬区,石神井町3丁目20-16,177-0041
1398,関町店,139.5939358,35.7173639,東京都,練馬区,関町南1-9-1 ,177-0053
121,大泉学園店,139.5891128,35.7479369,東京都,練馬区,東大泉1-37-12 ,178-0063
300,光が丘店,139.6319861,35.7561827,東京都,練馬区,光が丘5-1-1 IMA2F,179-0072
1465,綾瀬店,139.8298756,35.7591106,東京都,足立区,綾瀬3-1-18,120-0005
7142,北千住ミルディス店,139.8077978,35.7476914,東京都,足立区,千住3-92ミルディス1階フードコート内,120-8501
267,R4竹ノ塚店,139.804965,35.7954228,東京都,足立区,西保木間2-1-23 ,121-0812
354,竹の塚東口店,139.7946974,35.7915141,東京都,足立区,竹の塚6-7-1-101 松坂屋ストア竹の塚店,121-0813
1439,西新井店,139.7940378,35.7740189,東京都,足立区,梅島3-32-6 ,121-0816
7220,アリオ西新井店,139.78894,35.7713731,東京都,足立区,西新井栄町1-20-1　アリオモール内1F,128-0843
223,新小岩店,139.8621839,35.7130728,東京都,葛飾区,新小岩1-48-5 ,124-0024
1445,金町店,139.8728805,35.7667077,東京都,葛飾区,東金町1-24-6 ,125-0041
1467,亀有店,139.8515589,35.7621678,東京都,葛飾区,亀有3-21-6 ,125-0061
1458,青砥駅店,139.8594114,35.7424656,東京都,葛飾区,青戸3-36-1 青砥ショッピングセンター内,125-0062
1466,葛飾白鳥店,139.8518243,35.7475816,東京都,葛飾区,白鳥4-4-10 ,125-0063
381,瑞江店,139.9013308,35.6893247,東京都,江戸川区,東瑞江1-27-4 福田ビル,132-0015
4004,平井店,139.8453408,35.7041228,東京都,江戸川区,平井5-21-1 ,132-0035
138,本一色店,139.8782239,35.7138919,東京都,江戸川区,本一色2-23-17 ,133-0044
82,小岩店,139.88467,35.7281869,東京都,江戸川区,南小岩6-31-19 ,133-0056
6024,イトーヨーカドー葛西店,139.8851694,35.64934,東京都,江戸川区,東葛西9-3-3 ,134-0084
4005,葛西店,139.87669,35.6607039,東京都,江戸川区,東葛西5-1-2 第2吉田ビル,134-0084
4241,イオン葛西店,139.8616619,35.6660669,東京都,江戸川区,西葛西3-9-19,134-0088
170,八王子大和田店,139.3565064,35.6654403,東京都,八王子市,大谷町48-5 ,192-0034
31,八王子店,139.3414936,35.6555719,東京都,八王子市,東町13-10 ,192-0082
1456,八王子堀之内店,139.4028576,35.6231998,東京都,八王子市,堀之内3-30-3 ,192-0355
169,西八王子店,139.3182417,35.6557767,東京都,八王子市,千人町1-11-17 ,193-0835
171,立川店,139.4179139,35.6958639,東京都,立川市,曙町2-12-16 ,190-0012
4044,立川南口店,139.4159969,35.6937969,東京都,立川市,柴崎町3-7-26 ,190-0023
4070,吉祥寺南口店,139.5825375,35.6993097,東京都,武蔵野市,吉祥寺南町1-4-1 ,180-0003
219,武蔵境店,139.5475319,35.6980478,東京都,武蔵野市,境南町2-3-4 ,180-0023
299,三鷹駅前店,139.5643578,35.698345,東京都,三鷹市,下連雀3-27-15 ,181-0013
596,三鷹店,139.54632,35.6785069,東京都,三鷹市,野崎3-8-8 ,181-0014
4142,カインズホーム青梅店,139.3179675,35.78923,東京都,青梅市,新町6-9,198-0024
307,河辺店,139.2907819,35.7855322,東京都,青梅市,野上町3-1-7 ,198-0032
72,府中店,139.4826869,35.6675828,東京都,府中市,宮町1-41-1 フォレストサイドビル1F,183-0023
4170,くるる府中店,139.4843142,35.6682181,東京都,府中市,宮町1-50,183-0023
6015,JRA府中競馬場店,139.4866909,35.6619372,東京都,府中市,日吉町1-1 東京競馬場内,183-0024
4230,西武拝島店,139.3476057,35.7178845,東京都,昭島市,美堀町5-21-2,196-0001
176,モリタウン昭島店,139.3655612,35.710188,東京都,昭島市,田中町562-1 ,196-0014
3120,仙川店 ,139.5884558,35.6575889,東京都,調布市,仙川町1-16-8,182-0002
617,調布店,139.5465208,35.6478078,東京都,調布市,小島町2-50-1 シュベールビル1F,182-0026
6026,味の素スタジアム店,139.5297678,35.6606947,東京都,調布市,西町376-3 ,182-0032
6038,味の素ポケットガーデン店,139.5283691,35.6603028,東京都,調布市,西町376-3,182-0032
452,町田店,139.4494933,35.5405219,東京都,町田市,原町田6-10-4 山崎商事ビル内,194-0013
4073,桜美林学園前店,139.410655,35.5757706,東京都,町田市,根岸町1008-23 ,194-0034
4223,ミスターマックス町田多摩境ショッピングセンター店,139.3530492,35.6029021,東京都,町田市,小山ヶ丘6-1-10,194-0215
1424,町田金井店,139.4735619,35.5782103,東京都,町田市,金井町49-1,195-0071
4116,武蔵小金井店,139.5102519,35.6993278,東京都,小金井市,本町5-13-6 ソナーレ小金井,184-0004
266,小平駅前店,139.4913289,35.7329389,東京都,小平市,美園町1-15-6 富麻ビル,187-0041
4298,イオンモール多摩平の森店,139.3838716,35.6588051,東京都,日野市,多摩平2丁目4番,191-0062
75,久米川店,139.48408,35.7450628,東京都,東村山市,恩多町2-28-1 ,189-0011
17,国分寺店,139.4844039,35.6979078,東京都,国分寺市,本町2-10-6 ,185-0012
42,国立店,139.4496369,35.694045,東京都,国立市,中1-16-34 ,186-0004
4140,イトーヨーカドー東大和店,139.4274508,35.7324778,東京都,東大和市,桜ヶ丘2-142-1,207-0022
263,清瀬駅前店,139.5230308,35.76816,東京都,清瀬市,松山1-5-2 ,204-0022
3178,イオンモール東久留米店,139.52919,35.7423001,東京都,東久留米市,南沢5-17-62 3F ,203-0023
1463,東久留米店,139.5243908,35.753295,東京都,東久留米市,中央町2-6-43 ,203-0054
4205,イオンモールむさし村山店,139.3882297,35.7433153,東京都,武蔵村山市,榎1-1-3,208-0022
4087,ダイエー武蔵村山店,139.382087,35.7322228,東京都,武蔵村山市,伊奈平3-36-1 ,208-0023
1448,聖蹟桜ヶ丘店,139.4506667,35.6473225,東京都,多摩市,関戸1-11-1 京王ストアー内,206-0011
4267,京王永山店 ,139.4513436,35.6271056,東京都,多摩市,永山1-18-1　1階,206-0025
936,多摩センター店,139.4277031,35.62175,東京都,多摩市,落合1-11-2 ,206-0033
1016,羽村店,139.3211256,35.7558592,東京都,羽村市,五ノ神1-3-6 ,205-0011
4194,ひばりが丘店,139.5475264,35.7482951,東京都,西東京市,ひばりが丘1-1-1 ,202-0001
142,保谷店,139.5539497,35.7284928,東京都,西東京市,保谷町3-18-23 ,202-0015
4218,ジョイフル本田瑞穂店,139.3611661,35.757605,東京都,西多摩郡瑞穂町,殿ヶ谷442,190-1212
7185,イオンモール日の出店,139.2784261,35.7316131,東京都,西多摩郡日の出町,大字平井字三吉野桜木557番地,190-0182
636,京急鶴見店,139.6810847,35.5041933,神奈川県,横浜市鶴見区,鶴見中央1-30-22 ,230-0051
187,岸谷店,139.6651537,35.4947042,神奈川県,横浜市鶴見区,岸谷2-20-3 ,230-0078
4251,イオン東神奈川店,139.6364056,35.4768347,神奈川県,横浜市神奈川区,富家町1　東神奈川イオンSC内1F,221-0821
167,横浜西口店,139.6218419,35.46114,神奈川県,横浜市西区,南幸2-7-18 ,220-0005
3142,横浜ポルタ店,139.6259367,35.4621461,神奈川県,横浜市西区,高島2-16　B1,220-0011
4209,クイーンズスクエア横浜アット店,139.6377719,35.453395,神奈川県,横浜市西区,みなとみらい2-3-8 クイーンズスクエア横浜アット2nd 　1階　,220-0012
4276,MARK IS みなとみらい店,139.6349453,35.4543162,神奈川県,横浜市西区,みなとみらい3-5-1,220-0012
6004,横浜スタジアム店,139.64257,35.4397747,神奈川県,横浜市中区,横浜公園 ,231-0022
25,伊勢佐木町店,139.6370978,35.441815,神奈川県,横浜市中区,伊勢佐木町1-2-1 ,231-0045
1004,日の出町店,139.6304378,35.4427,神奈川県,横浜市中区,日の出町1-2 スカイコート,231-0066
1201,本牧店,139.6688874,35.4205178,神奈川県,横浜市中区,本牧原15-6 ,231-0821
58,横浜元町店,139.6483128,35.4357319,神奈川県,横浜市中区,石川町1-1-105 カーサ元町,231-0868
7210,イオン天王町店,139.6030317,35.4549394,神奈川県,横浜市保土ケ谷区,川辺町3イオン 天王町内,240-0001
1376,保土ヶ谷店,139.6026889,35.4437489,神奈川県,横浜市保土ケ谷区,岩井町1-7-309 　ビーンズ,240-0023
4063,磯子店,139.6202483,35.3958633,神奈川県,横浜市磯子区,森1-6 ,235-0023
4191,プララ杉田店,139.6195058,35.3803458,神奈川県,横浜市磯子区,杉田1-17-1,235-0033
197,洋光台店,139.5986389,35.3748608,神奈川県,横浜市磯子区,洋光台5-1-35 ,235-0045
901,金沢文庫店,139.6245866,35.3395835,神奈川県,横浜市金沢区,谷津町384 ,236-0016
666,金沢八景店,139.624781,35.3281654,神奈川県,横浜市金沢区,瀬戸3-5,236-0027
3195,イトーヨーカドー能見台店,139.6303395,35.3552022,神奈川県,横浜市金沢区,能見台東３−１ イトーヨーカドー能見台１Fフードコート内,236-0058
3123,トレッサ横浜店,139.6489483,35.5214753,神奈川県,横浜市港北区,師岡町700番地 トレッサ横浜　南棟,222-0002
1247,妙蓮寺店,139.6363058,35.4948989,神奈川県,横浜市港北区,菊名1-2-7 ,222-0011
4216,新横浜駅店,139.6214982,35.5045953,神奈川県,横浜市港北区,篠原町2937　キュービックプラザ1階別館,222-0026
641,大倉山店,139.6327561,35.5186503,神奈川県,横浜市港北区,大倉山2-1-14,222-0037
1245,綱島店,139.63685,35.5334797,神奈川県,横浜市港北区,綱島西1-8-1 ,223-0053
4155,戸塚店,139.5357225,35.3962703,神奈川県,横浜市戸塚区,戸塚町55 ,244-0003
4143,ダイエー東戸塚店,139.5644236,35.4273108,神奈川県,横浜市戸塚区,品濃町535-1ダイエー東戸塚4F,244-8528
1237,ウイング上大岡店,139.5995478,35.4060828,神奈川県,横浜市港南区,上大岡西1-6-1 ウィング上大岡B-131,233-0002
217,野庭丸山台店,139.568565,35.3927139,神奈川県,横浜市港南区,丸山台2-33-22 ,233-0013
7226,ダイエー港南台店,139.5804919,35.3725497,神奈川県,横浜市港南区,港南台3-1-2　ダイエー港南台店,234-0054
4227,ココロット鶴ヶ峰店,139.5531347,35.4714664,神奈川県,横浜市旭区,鶴ヶ峰2-82-1,241-0022
97,横浜今宿店,139.5346276,35.4791395,神奈川県,横浜市旭区,今宿東町1658-1 ,241-0032
4265,西友二俣川店 ,139.5365617,35.458119,神奈川県,横浜市旭区,二俣川2-52-1（西友二俣川店1階独立区画内）,241-0821
1246,鴨居店,139.5708128,35.5071547,神奈川県,横浜市緑区,鴨居1-7-19 ,226-0003
1375,中山店,139.54282,35.5112444,神奈川県,横浜市緑区,寺山町59 中山駅ビル・ビーンズ中山1F,226-0013
4177,アピタ長津田店,139.5018361,35.5151944,神奈川県,横浜市緑区,長津田みなみ台4-7-1,226-0018
231,三ツ境店,139.5064539,35.4645719,神奈川県,横浜市瀬谷区,三ツ境2-19 ,246-0022
4062,本郷台店,139.5531683,35.3632811,神奈川県,横浜市栄区,小菅ヶ谷1-4-7 ,247-0007
278,緑園都市店,139.5248008,35.4359939,神奈川県,横浜市泉区,緑園3-1-1 ,245-0002
383,いずみ中央店,139.4901119,35.4121358,神奈川県,横浜市泉区,和泉町3511-9 いずみ中央SC相鉄ライフ内,245-0016
7227,たまプラーザテラス店,139.5623044,35.57479,神奈川県,横浜市青葉区,美しが丘1丁目1-2,225-0002
707,あざみ野店,139.5561523,35.5646721,神奈川県,横浜市青葉区,あざみ野2-1-3 第2東急あざみ野ビル,225-0011
1086,南市ケ尾店,139.5520487,35.540772,神奈川県,横浜市青葉区,荏田西5-6-7 ,225-0014
4199,センター北駅店,139.5817567,35.5504961,神奈川県,横浜市都筑区,中川中央1-1-1　横浜市営地下鉄センター北駅3階,224-0003
4053,港北ニュータウン北山田店,139.596945,35.5579058,神奈川県,横浜市都筑区,北山田1-12-4 ,224-0021
4213,イトーヨーカドーららぽーと横浜店,139.5693996,35.5131639,神奈川県,横浜市都筑区,池辺町4035番地1,224-9953
81,川崎銀柳街店,139.7024642,35.5261065,神奈川県,川崎市川崎区,砂子2-2-1 薄井ビル,210-0006
819,川崎地下街店,139.7012369,35.5274708,神奈川県,川崎市川崎区,駅前本町26-2 川崎地下街アゼリア424,210-0007
6017,イトーヨーカドー川崎港町店,139.7224408,35.5309289,神奈川県,川崎市川崎区,港町12-1 ,210-0807
4075,イトーヨーカドー川崎店,139.7118337,35.5112594,神奈川県,川崎市川崎区,小田栄2-2-1 ,210-0843
4055,鹿島田店,139.6841337,35.548477,神奈川県,川崎市幸区,下平間223 ,212-0053
178,南加瀬店,139.6647758,35.5385039,神奈川県,川崎市幸区,南加瀬4-30-17 ,212-0055
1396,元住吉店,139.6554078,35.5622489,神奈川県,川崎市中原区,木月1丁目27-12 近藤ビル1F,211-0025
4032,武蔵新城店,139.6327278,35.5830319,神奈川県,川崎市中原区,新城5-4-3 ,211-0044
1284,インレット小杉店,139.6605788,35.5738514,神奈川県,川崎市中原区,小杉町2-271-1 ,211-0063
3187,武蔵小杉東急スクエア店,139.662157,35.5716414,神奈川県,川崎市中原区,小杉町三丁目４７２番,211-8619
112,溝ノ口店,139.6145328,35.5969358,神奈川県,川崎市高津区,溝口1-10-1 ,213-0001
4023,ノクティー溝の口店,139.616105,35.5957189,神奈川県,川崎市高津区,溝口1-4-1 ,213-0001
208,子母口店,139.6399175,35.5654778,神奈川県,川崎市高津区,明津200 ,213-0024
51,向ヶ丘遊園店,139.5671692,35.613363,神奈川県,川崎市多摩区,登戸2737-8 ,214-0014
124,川崎生田店,139.5529728,35.6185969,神奈川県,川崎市多摩区,生田3-13-13 ,214-0038
720,鷺沼店,139.5762539,35.5757728,神奈川県,川崎市宮前区,鷺沼3-1-2 ,216-0004
3208,宮崎台店,139.5943086,35.5838226,神奈川県,川崎市宮前区,宮崎２−１０−１２,216-0033
154,百合ヶ丘店,139.5192772,35.6055611,神奈川県,川崎市麻生区,百合ケ丘1-21 小田急マルシエビル,215-0011
4011,新百合ヶ丘店,139.5113046,35.6005917,神奈川県,川崎市麻生区,上麻生1-20-1 アコルデ,215-0021
290,相模原相原店,139.3246828,35.5953925,神奈川県,相模原市緑区,相原4-12-13 ,252-0141
4260,アリオ橋本店,139.3529344,35.5877822,神奈川県,相模原市緑区,大山町1　アリオ橋本1Fフードコート,252-0146
4200,相模原小山モール店,139.3598086,35.5795803,神奈川県,相模原市中央区,小山3丁目37-1,252-0205
125,相模原中央店,139.3766039,35.5694933,神奈川県,相模原市中央区,中央2-13-1,252-0239
3177,ライフ相模大野駅前店,139.4383281,35.5278934,神奈川県,相模原市南区,相模大野3-2-1ライフ相模大野内,252-0303
241,相模原大野台店,139.4177156,35.5505275,神奈川県,相模原市南区,大野台6-5-14 ,252-0331
3145,LIVINよこすか店,139.6867814,35.2719486,神奈川県,横須賀市,平成町3-21-4,238-0013
3041,横須賀三春町店,139.6963325,35.2607983,神奈川県,横須賀市,三春町4-7-1 ,238-0014
3146,ショッパーズプラザ横須賀店,139.6655303,35.2795521,神奈川県,横須賀市,本町2-1-12,238-0041
3216,横須賀武山店,139.6560012,35.2263586,神奈川県,横須賀市,武１−２０−１５　ライフコート横須賀武２　１０１,238-0313
3194,イオン久里浜店,139.706731,35.2258696,神奈川県,横須賀市,久里浜５−１３−１,239-0831
3106,平塚四之宮店,139.3613444,35.3556106,神奈川県,平塚市,四之宮6-4-36 ,254-0014
413,平塚店,139.3515076,35.3257143,神奈川県,平塚市,紅谷町10-2 金子ビル,254-0043
7025,OSC湘南店,139.3615489,35.3251675,神奈川県,平塚市,代官町33-1 D-104,254-0807
4019,大船東口店,139.5349975,35.3504078,神奈川県,鎌倉市,大船1-5-8 ,247-0056
4167,鎌倉大船モール店,139.5200324,35.3446851,神奈川県,鎌倉市,岡本1188,247-0072
1129,鎌倉店,139.5544119,35.3147917,神奈川県,鎌倉市,小町1-4-26 ,248-0006
4269,江の島店 ,139.4951294,35.3050006,神奈川県,鎌倉市,腰越3丁目1番7号 ,248-0033
4052,藤沢南口店,139.4917006,35.3348064,神奈川県,藤沢市,南藤沢3-2 ,212-0055
4164,羽鳥店,139.4516176,35.3417616,神奈川県,藤沢市,辻堂神台2-5-23 ,251-0041
4195,ミスターマックス湘南藤沢店,139.4674483,35.3364481,神奈川県,藤沢市,辻堂新町4-3-5　ミスターマックス湘南藤沢ショッピングセンター内,251-0042
265,湘南台店,139.4706133,35.3937025,神奈川県,藤沢市,湘南台1-4-1 ,252-0804
3156,イトーヨーカドー湘南台店,139.4497892,35.3893007,神奈川県,藤沢市,石川6-2-1 ,252-0815
712,小田原店,139.1606084,35.2517503,神奈川県,小田原市,栄町1-2-12 ,250-0011
7054,西武小田原店,139.1881731,35.2803638,神奈川県,小田原市,中里208-1西武小田原店内,250-0872
1126,小田原国府津店,139.2057197,35.2719037,神奈川県,小田原市,小八幡3-18-7 ,256-0815
4161,茅ヶ崎駅前店,139.4079089,35.3287089,神奈川県,茅ヶ崎市,新栄町11-21,253-0044
3135,茅ヶ崎西久保店,139.4004982,35.3456425,神奈川県,茅ヶ崎市,西久保831,253-0083
1293,三浦海岸店,139.6617178,35.1860172,神奈川県,三浦市,南下浦町上宮田1184-2 ,238-0101
3115,秦野店 ,139.2365296,35.3766961,神奈川県,秦野市,落合353,257-0025
3182,渋沢駅前店,139.1876489,35.370997,神奈川県,秦野市,曲松１−１−１ 小田急マルシェ渋沢,259-1321
644,本厚木店,139.3674235,35.4370781,神奈川県,厚木市,中町2-3 厚木ダイヤプラザビル内,243-0018
4254,イオンモール大和店,139.4612439,35.4854725,神奈川県,大和市,下鶴間1-2-1イオンモール大和1階,242-0001
4096,イオンつきみ野店,139.4606231,35.4998186,神奈川県,大和市,つきみ野1-6-1 ,242-0002
620,大和店,139.4654247,35.4669919,神奈川県,大和市,大和東1-4-1 ,242-0017
3107,愛甲石田店,139.34639,35.4141442,神奈川県,伊勢原市,石田598-1 ,259-1116
3157,伊勢原店,139.3168869,35.3917216,神奈川県,伊勢原市,桜台１-２-３,259-1132
1300,海老名店,139.3998481,35.4483478,神奈川県,海老名市,中央1-19-30 ,243-0432
7104,ビナウォーク店,139.3968258,35.4493007,神奈川県,海老名市,中央1-6-1<br />ビナウォーク3番館1Ｆフードコート内,243-0432
575,相武台店,139.4146119,35.5012544,神奈川県,座間市,相武台1-19-28,228-0011
3104,寒川倉見店,139.3836503,35.3895514,神奈川県,高座郡寒川町,倉見1083-3,253-0101
1482,大井松田店,139.1583008,35.3301372,神奈川県,足柄上郡大井町,金子1641 ,258-0019
4121,愛川町店,139.3346675,35.5280478,神奈川県,愛甲郡愛川町,角田584-1,243-0301
795,牡丹山店,139.0960119,37.9201039,新潟県,新潟市東区,牡丹山3-2-19 ,950-0872
3129,CoCoLo新潟店,139.0647017,37.9098683,新潟県,新潟市中央区,花園1-1-21,950-0086
1199,新潟出来島店,139.0327169,37.89547,新潟県,新潟市中央区,上近江4-12-20,950-0973
1337,アピタ新潟亀田店,139.0924564,37.8689514,新潟県,新潟市江南区,鵜ノ子4-466 ,950-0157
1048,新津店,139.1136008,37.7888322,新潟県,新潟市秋葉区,新津4570-3 ,956-0031
1434,アピタ新潟西店　,139.006535,37.8774897,新潟県,新潟市西区,小新白鳥474,950-2023
3148,新潟新通店,138.9557569,37.8611391,新潟県,新潟市西区,大野字村上１７６番４,950-2037
1143,長岡川崎店,138.8660436,37.45485,新潟県,長岡市,東栄1-1-30 ,940-0037
3130,CoCoLo長岡店,138.8564919,37.4430961,新潟県,長岡市,城内町1丁目-611-1 CoCoLo長岡,940-0061
3031,リバーサイド千秋店,138.8299676,37.4578771,新潟県,長岡市,千秋2-278,940-2108
805,新潟三条店,138.9581208,37.6381892,新潟県,三条市,荒町2-25-2 ,955-0083
7090,MEGAドン．キホーテ柏崎店,138.5822564,37.3653578,新潟県,柏崎市,東長浜町4-15 ,945-0033
916,新発田店,139.3303944,37.9602994,新潟県,新発田市,小舟町1-1-2 ,957-0007
1306,イオン小千谷店,138.7973633,37.3167972,新潟県,小千谷市,大字平沢新田字荒田339 ,947-0042
3139,村上インター店,139.4836422,38.2041501,新潟県,村上市,上助渕1010,959-3403
3228,上越高田インター店,138.233596,37.0876791,新潟県,上越市,上中田７８０−３,943-0884
1356,イオン六日町店,138.8817606,37.0780675,新潟県,南魚沼市,余川3100,949-6681
1058,アピタ富山東店,137.2438603,36.7058711,富山県,富山市,上冨居310-1 ,930-0835
504,富山インター店,137.2139794,36.6717178,富山県,富山市,太郎丸本町3-7-6,939-8272
831,高岡西町店,136.9996133,36.7472392,富山県,高岡市,西町5-8 ,933-0848
1409,アピタ魚津店,137.4097586,36.8029892,富山県,魚津市,住吉556,937-0851
1000,金沢北安江店,136.6518383,36.5828644,石川県,金沢市,北安江2-1536 ,920-0022
606,金沢工大前店,136.6336769,36.5266075,石川県,金沢市,三馬3-300 ,921-8162
878,小松店,136.4586272,36.3932689,石川県,小松市,有明町127 ,923-0864
1267,イオン御経塚店,136.6014031,36.5454656,石川県,野々市市,御経塚2-91,921-8801
7106,アル・プラザ津幡店,136.7285519,36.6581669,石川県,河北郡津幡町,北中条1街区1,929-0342
1330,福井幾久店,136.2298967,36.0815671,福井県,福井市,二の宮1-1-114 ,910-0015
3014,福井ベル店,136.2149561,36.0307303,福井県,福井市,花堂南2-16-1 ベルショッピングセンター内,918-8015
946,敦賀店,136.0679974,35.6442065,福井県,敦賀市,三島町3-36 ,914-0058
1498,アル・プラザ鯖江店,136.1923358,35.9661464,福井県,鯖江市,下河端町16 アル・プラザ鯖江　1F,910-0038
3149,アル・プラザ アミ店,136.2224205,36.13181,福井県,坂井市,春江町随応寺１６−１１ アル・プラザ　アミ,919-0413
838,甲府東店,138.6105583,35.6425442,山梨県,甲府市,上阿原366-1 ,400-0814
737,富士吉田店,138.7874433,35.4770903,山梨県,富士吉田市,新西原2-33-12 ,403-0017
3072,ラザウォーク甲斐双葉店,138.4864047,35.6815453,山梨県,甲斐市,志田字柿木645-1,400-0107
1361,昭和バイパス飯喰店,138.5275862,35.6213984,山梨県,中巨摩郡昭和町,飯喰189-1 ,409-3852
7041,イトーヨーカドー甲府昭和店,138.5472981,35.63657,山梨県,中巨摩郡昭和町,西条13-1 ,409-3866
7052,イトーヨーカドー青森店,140.7526597,40.7981453,青森県,青森市,浜田1-14-1 ,030-0843
7096,ラ・セラ青森東バイパス店,140.8039161,40.8248292,青森県,青森市,八重田4-2-1 ,030-0912
3199,ガーラタウン青森西店,140.7059452,40.8304776,青森県,青森市,三好2-3-19,038-0006
998,弘前城東店,140.5103337,40.5943824,青森県,弘前市,高田3-1-9 ,036-8084
3063,イオンタウン弘前樋の口店,140.4475811,40.6000444,青森県,弘前市,樋の口2-9-6,036-8278
3163,イオン八戸田向店,141.5130672,40.4891289,青森県,八戸市,大字田向字毘沙門平27-1,031-0011
675,湊高台店,141.54044,40.5015733,青森県,八戸市,湊高台2-1-28 ,031-0823
854,石堂店,141.47491,40.5225867,青森県,八戸市,長苗代2-16-38 ,039-1103
1141,八戸田面木店,141.4536703,40.4963611,青森県,八戸市,大字田面木字下田面木3-1 ,039-1104
817,五所川原エルム店,140.4572943,40.7961253,青森県,五所川原市,大字唐笠柳字藤巻517-1,037-0004
3012,イオンスーパーセンター十和田店,141.2609017,40.6010886,青森県,十和田市,大字相坂字六日町山166-1,034-0041
1162,むつ店,141.1876564,41.2844758,青森県,むつ市,中央2-7-10 ,035-0073
7222,イオンモールつがる柏店,140.4202703,40.8000281,青森県,つがる市,柏稲盛幾世41,038-3107
3081,イオンモール下田店,141.4214587,40.5993769,青森県,上北郡おいらせ町,中野平40-1,039-2112
1264,長野エムウェーブ前店,138.2467178,36.6391814,長野県,長野市,大字北長池字牧田273-1 ,381-0025
1497,檀田店,138.2135239,36.6725008,長野県,長野市,檀田2-21-7,381-0052
590,長野川中島店,138.1613722,36.5946947,長野県,長野市,川中島町御厨堂野950-1 ,381-2221
903,南松本店,137.963115,36.2077785,長野県,松本市,高宮南1-27 ,390-0843
3027,上田店,138.2634607,36.387221,長野県,上田市,踏入2-1223,386-0017
1425,しおだ野店,138.2139333,36.3794536,長野県,上田市,大字小島字下小島574-10,386-1322
1477,飯田店,137.8191936,35.4959922,長野県,飯田市,鼎名古熊590-7,395-0804
875,諏訪インター店,138.1263978,36.0163881,長野県,諏訪市,大字四賀字赤沼1744-1 ,392-0012
3116,小諸店,138.4335611,36.3279153,長野県,小諸市,三和1-3044-1,384-0017
1262,伊那店,137.9765258,35.8344386,長野県,伊那市,日影435-1 ,396-0011
7103,イオン中野店,138.3753514,36.7556367,長野県,中野市,大字一本木字若宮252-1 ,383-0012
3153,塩尻店,137.9578019,36.1321097,長野県,塩尻市,大字広丘野村1787-33,399-0702
7028,イオンモール佐久平店,138.4672314,36.2724212,長野県,佐久市,佐久平駅南11-10,385-0029
1206,イオン豊科店,137.912132,36.2989,長野県,安曇野市,豊科4268-1 ,399-8205
521,岐阜店,136.7352475,35.3914303,岐阜県,岐阜市,宇佐南3-9-8 ,500-8367
850,芥見店,136.8528711,35.4525939,岐阜県,岐阜市,芥見南2 ,501-3134
7063,イトーヨーカドー柳津店,136.7302383,35.3608139,岐阜県,岐阜市,柳津町丸野3-3-6 ,501-6115
7126,マーサ21店,136.7477033,35.4448472,岐阜県,岐阜市,正木1599-1,502-0857
770,大垣北店,136.6251233,35.3749514,岐阜県,大垣市,林町9-102 ,503-0015
535,大垣店,136.6363258,35.3515642,岐阜県,大垣市,安井町6-15 ,503-0837
527,多治見店,137.1194853,35.3362272,岐阜県,多治見市,白山町3-115 ,507-0038
807,中津川店,137.4996294,35.4773758,岐阜県,中津川市,手賀野字小向井437-6 ,508-0015
790,美濃加茂店,137.0268436,35.4396356,岐阜県,美濃加茂市,中富町1-2395 ,505-0033
762,土岐店,137.1832017,35.3591272,岐阜県,土岐市,泉寺下町2-15 ,509-5152
3205,イオンモール各務原店,136.8261038,35.3892155,岐阜県,各務原市,那加萱場町３−８ イオンモール各務原３Ｆフードコート内,504-0943
709,各務原店,136.8824386,35.3988122,岐阜県,各務原市,鵜沼川崎町2-162-1 ,509-0147
3165,モレラ岐阜店,136.6758179,35.4511124,岐阜県,本巣市,三橋字糸貫川通1100番地1他,501-0406
562,岐南店,136.7878294,35.3910539,岐阜県,羽島郡岐南町,大字八剣北4-105 ,501-6011
497,静岡店,138.3899728,34.9710494,静岡県,静岡市葵区,伝馬町3-1 深尾ビル内,420-0858
625,草薙店,138.4370172,34.9972961,静岡県,静岡市駿河区,中吉田15-5 ,422-8001
736,静岡SBS通り店,138.3986222,34.9515333,静岡県,静岡市駿河区,中田本町44-15 ,422-8043
719,清水インター店,138.48039,35.0326197,静岡県,静岡市清水区,八坂東2-15-2 ,424-0024
614,佐鳴台店,137.7038475,34.6964653,静岡県,浜松市中区,西伊場町57-21 ,432-8038
612,浜松幸町店,137.7290886,34.7391056,静岡県,浜松市中区,幸1-15-45 ,433-8123
1026,浜松有玉店,137.7525853,34.7489711,静岡県,浜松市東区,有玉南町1601-1 ,431-3122
7069,イトーヨーカドー浜松宮竹店,137.7673769,34.7209497,静岡県,浜松市東区,上西町1020-1 ,435-0048
3136,イオンモール浜松市野店,137.7657069,34.7366547,静岡県,浜松市東区,天王町字諏訪1981-3 イオンモール浜松市野店2階フードコート,435-0052
1410,イオン浜松西店,137.69298,34.6959108,静岡県,浜松市西区,入野町6244-1,432-8061
609,リコー通り店,138.8623367,35.1101739,静岡県,沼津市,北高島町21-36 ,410-0054
1049,沼津香貫店,138.8749681,35.0749569,静岡県,沼津市,下香貫前原1478-8 ,410-0822
1190,三島北店,138.9115762,35.1458008,静岡県,三島市,萩268-2 ,411-0045
7100,イオンモール富士宮店,138.615085,35.2173203,静岡県,富士宮市,浅間町1-8 ,418-0032
753,富士宮バイパス店,138.6285719,35.2238358,静岡県,富士宮市,東阿幸地688 ,418-0071
1386,伊東デュオ店,139.1180294,34.9454994,静岡県,伊東市,玖須美元和田720-143 ,414-0045
3226,イオンタウン富士南店,138.6788871,35.1364895,静岡県,富士市,鮫島１１８−１０,416-0934
611,富士店,138.6776344,35.1538325,静岡県,富士市,青島町266 ,417-0047
821,磐田店,137.8609678,34.7188483,静岡県,磐田市,今之浦4-22-2 ,438-0071
634,焼津店,138.3155653,34.8558094,静岡県,焼津市,東小川2-17-12 ,425-0035
1354,アピタ掛川店,137.9926067,34.7695603,静岡県,掛川市,大池2826 ,436-0043
870,藤枝店,138.2405536,34.8461406,静岡県,藤枝市,瀬戸新屋字小池下361-1 ,426-0075
674,御殿場店,138.9300683,35.3090778,静岡県,御殿場市,萩原72-1 ,412-0042
7057,アピタ大仁店,138.9392578,34.9969117,静岡県,伊豆の国市,吉田字九十分153-1 ,410-2322
782,榛原店,138.2451047,34.7522919,静岡県,牧之原市,細江字中ヤリ2027-1 ,421-0421
3079,函南店,138.9411625,35.0798961,静岡県,田方郡函南町,間宮字西前道越446番1,419-0123
569,竹越店,136.9806917,35.1844425,愛知県,名古屋市千種区,竹越二丁目8-20 ,464-0007
808,本山店,136.9663384,35.1609557,愛知県,名古屋市千種区,末盛通5-13 ,464-0821
3169,イオンモールナゴヤドーム前店 ,136.9477558,35.1842442,愛知県,名古屋市東区,矢田南４−１０２−３<br/>イオンモール名古屋ドーム前,461-0048
702,金城店,136.9067006,35.1896975,愛知県,名古屋市北区,金城4-1-21 ,462-0847
502,中村公園店,136.8580008,35.1638228,愛知県,名古屋市中村区,豊国通1-10 ,453-0834
420,栄店,136.9073652,35.1650563,愛知県,名古屋市中区,栄3-2-9 明治屋ビル1F,460-0008
570,檀溪通り店,136.9491139,35.1411564,愛知県,名古屋市昭和区,檀溪通り3-18-4 ,466-0842
7128,イオンモール熱田店,136.9123558,35.1333078,愛知県,名古屋市熱田区,六野1丁目2番11号,456-8763
571,太平通り店,136.871785,35.1310281,愛知県,名古屋市中川区,太平通り4-20 ,454-0838
3210,イオンモール名古屋茶屋店,136.8280345,35.1006858,愛知県,名古屋市港区,西茶屋2-11　イオンモール名古屋茶屋3Ｆフードコート内,455-0858
948,南陽通り店,136.9048861,35.0990897,愛知県,名古屋市南区,南陽通り5-1-2 ,457-0856
506,守山大森店,137.0040358,35.2034558,愛知県,名古屋市守山区,大森3-1811 ,463-0021
3110,ヒルズウォーク徳重店,137.00231,35.0906819,愛知県,名古屋市緑区,鳴海町字徳重18-44,458-0801
3211,イオンモール大高店,136.9501375,35.0502441,愛知県,名古屋市緑区,大高町字奥平子１−１,459-8001
515,野並店,136.9632578,35.0978908,愛知県,名古屋市天白区,野並3-494 ,468-0045
788,植田焼山店,136.9961975,35.1414794,愛知県,名古屋市天白区,焼山2-301 ,468-0051
696,豊橋東店,137.4345196,34.7213403,愛知県,豊橋市,大岩町字岩田30 ,441-3147
512,豊橋店,137.3739022,34.7410047,愛知県,豊橋市,藤沢町141 ホリディスクエア内,441-8061
572,竜美ケ丘店,137.1694528,34.9348242,愛知県,岡崎市,竜美南1-1-33 ,444-0874
7107,アピタ岡崎北店,137.1556556,34.9718164,愛知県,岡崎市,日名北町4-46,444-0911
780,岡崎北店,137.168715,34.9877153,愛知県,岡崎市,井ノ口新町3-21 ,444-2132
533,一宮店,136.8228464,35.3037281,愛知県,一宮市,朝日2-3-5 ,491-0028
566,尾西店,136.7744744,35.3082328,愛知県,一宮市,開明字流44 ,494-0001
731,瀬戸店,137.0682228,35.2056886,愛知県,瀬戸市,西原町2-86 ,489-0972
546,半田店,136.9247367,34.8845142,愛知県,半田市,昭和町3-25 ,475-0922
510,春日井店,136.9826836,35.2526719,愛知県,春日井市,梅ケ坪町100-1 ,486-0856
544,豊川店,137.4059064,34.8321419,愛知県,豊川市,大堀町342-1 ,442-0013
994,豊川八幡店,137.3505206,34.8296492,愛知県,豊川市,八幡町下天王11 ,442-0857
522,碧南店,136.9951419,34.8828939,愛知県,碧南市,栄町4-12 ,447-0877
519,刈谷店,136.9967933,35.0027336,愛知県,刈谷市,日高町4-609 ,448-0046
748,東刈谷店,137.0427147,34.9735108,愛知県,刈谷市,東刈谷町1-17-1 ,448-0807
1059,豊田美里店,137.1835719,35.0765586,愛知県,豊田市,美里4-1-1 ,471-0805
725,豊田元町店,137.1325497,35.0599889,愛知県,豊田市,土橋町1-58-1 ,471-0842
559,安城店,137.0917161,34.9468958,愛知県,安城市,南町16-16 ,446-0034
659,西尾店,137.0652297,34.8601558,愛知県,西尾市,寄住町州田44 ,445-0073
580,蒲郡店,137.2133771,34.8247838,愛知県,蒲郡市,竹谷町中野1-1 ,443-0046
691,江南店,136.8715122,35.3401172,愛知県,江南市,古知野町熱田37 ,483-8207
3198,小牧店,136.917125,35.2915733,愛知県,小牧市,山北町４５,485-0049
7115,アピタ東海荒尾店,136.9086631,35.0362367,愛知県,東海市,荒尾町山王前20,476-0003
530,東海店,136.9117464,35.0145397,愛知県,東海市,富木島町伏見2-20-1 ,476-0012
7181,ギャラリエアピタ知立店,137.0559344,34.9944986,愛知県,知立市,長篠町大山18-1　ギャラリエアピタ知立1F,472-0045
7160,JRA中京競馬場店,136.9914502,35.0630805,愛知県,豊明市,間米町敷田1225,470-1132
1007,豊明店,136.9928618,35.0550554,愛知県,豊明市,前後町螺貝1389-1 ,470-1151
509,西春店,136.8477482,35.2430301,愛知県,北名古屋市,中之郷北24 ,481-0045
1334,アイ・モール三好店,137.0815917,35.0896028,愛知県,みよし市,三好町青木88,470-0024
586,甚目寺店,136.8404817,35.1804844,愛知県,あま市,下萱津字平島8,490-1114
7062,アピタ長久手店,137.0412142,35.1693667,愛知県,長久手市,戸田谷901-1 ,480-1124
491,藤ヶ丘店,137.0271186,35.1717639,愛知県,長久手市,熊田114 ,480-1144
814,和合店,137.0455759,35.1034036,愛知県,愛知郡東郷町,大字和合字牛廻間166-1 ,470-0153
825,蟹江店,136.7843494,35.1270036,愛知県,海部郡蟹江町,源氏1-159 ,497-0055
3064,アピタ阿久比店,136.9238592,34.9178761,愛知県,知多郡阿久比町,大字椋岡字徳吉1番地12,470-2214
540,河芸店,136.5565689,34.7943848,三重県,津市,河芸町上野240-7 ,510-0304
7141,イオン津店,136.5215756,34.7331753,三重県,津市,桜橋3丁目446番1Fフードコート内,514-0003
615,津南郊店,136.5211519,34.6706528,三重県,津市,高茶屋小森町水合403-1 ,514-0817
7153,アピタ四日市店,136.6195225,34.965205,三重県,四日市市,安島1-3-31,510-0075
516,四日市店,136.6043089,34.9369028,三重県,四日市市,泊小柳4-5  イオンタウン四日市泊内,510-0883
7078,イオンモール四日市北店,136.6602,35.004555,三重県,四日市市,富州原町2-40 ,510-8016
763,湯の山街道店,136.5604642,34.9777019,三重県,四日市市,高角町字境田2555-1 ,512-0923
630,伊勢上地店,136.6737775,34.49026,三重県,伊勢市,上地町北野773-1 ,516-0051
7123,アドバンスモール松阪店,136.5144117,34.551735,三重県,松阪市,田村町235-1　アドバンスモール松阪1Fフードコート内,515-0055
1253,イオン桑名店,136.6653596,35.0690451,三重県,桑名市,新西方1-22 イオン桑名1番街,511-0863
1181,鈴鹿中央通り店,136.5711521,34.8722949,三重県,鈴鹿市,西条町402-1 ,513-0808
3179,名張店 ,136.0927198,34.6112479,三重県,名張市,瀬古口字丁ノ坪219-1,518-0445
3202,イオンモール東員店,136.5830057,35.0592779,三重県,員弁郡東員町,大字長深字築田510-1,511-0255
3067,イオン西大津店,135.8632356,35.0212711,滋賀県,大津市,皇子が丘3-11-1 イオン西大津　1F,520-0025
751,堅田店,135.9199786,35.1167564,滋賀県,大津市,本堅田4-16-1 ,520-0242
1384,石山店,135.9072647,34.9755185,滋賀県,大津市,松原町9-14 　平和堂石山店駐車場内,520-0831
1332,ビバシティ彦根店,136.2531475,35.2406197,滋賀県,彦根市,竹ヶ鼻町43-1 ビバシティ彦根　1F,522-0044
1175,彦根大藪店,136.2459497,35.2609633,滋賀県,彦根市,長曽根南町笹塚468-1 ,522-0052
1177,長浜店,136.2870903,35.3820069,滋賀県,長浜市,八幡東町四ノ坪30-1 ,526-0031
944,近江八幡店,136.1031678,35.1196379,滋賀県,近江八幡市,鷹飼町529 ,523-0891
7080,アル・プラザ草津店,135.961345,35.022185,滋賀県,草津市,西渋川1-23-30 アル・プラザ草津　1F,525-0025
1412,南草津駅前店,135.9504414,34.9999308,滋賀県,草津市,野路町1-15-5フェリエ南草津内1F,525-0058
1009,近江守山店,135.9967762,35.0677557,滋賀県,守山市,播磨田町441 ,524-0012
1176,栗東店,136.0171124,35.0278626,滋賀県,栗東市,高野194-1 ,520-3045
1022,アル・プラザ水口店,136.1722668,34.9736731,滋賀県,甲賀市,水口町本綾野566-1 アル・プラザ水口　1F,528-0037
1192,アピア八日市店,136.1998925,35.1115731,滋賀県,東近江市,八日市浜野町3-1 アピア　4F,527-0011
1012,白梅町店,135.734796,35.0243381,京都府,京都市北区,北野上白梅町61 ,603-8325
796,洛北店,135.7740551,35.0405529,京都府,京都市左京区,下鴨本町26-2 ,606-0862
424,北白川店,135.7942094,35.0289767,京都府,京都市左京区,北白川堂ノ前町46,606-8277
3166,河原町三条店,135.7720619,35.0045783,京都府,京都市中京区,河原町六角上ル大黒町５９,604-0014
3082,Bivi二条店,135.7439992,35.0070197,京都府,京都市中京区,西ノ京栂尾町1-6,604-8415
3215,イオンモール京都桂川店,135.7109794,34.9602324,京都府,京都市南区,久世高田町３７６  イオンモール京都桂川３Ｆ,601-8211
3111,イオン洛南店,135.7395861,34.9724781,京都府,京都市南区,吉祥院御池町31　1F,601-8327
3158,イオンモールＫＹＯＴＯ店,135.7574092,34.9790554,京都府,京都市南区,西九条鳥居口町１,601-8414
622,東寺店,135.7549742,34.9763425,京都府,京都市南区,西九条川原城町96 ,601-8424
920,西京極店,135.7164777,34.9923667,京都府,京都市右京区,西京極新明町15 ,615-0864
545,嵯峨野店,135.7042042,35.0175933,京都府,京都市右京区,太秦北路町26-2 ,616-8182
1472,アル・プラザ醍醐店,135.8139475,34.9477573,京都府,京都市伏見区,醍醐高畑町1-37　アル・プラザ醍醐　1F,601-1375
3229,伏見桃山店,135.79759,34.9339258,京都府,京都市伏見区,桃山町山ノ下３２　ＭＯＭＯ２Ｆ,612-8002
3074,伏見大手筋店,135.7662028,34.9296497,京都府,京都市伏見区,新町四丁目453-2　ニューグランドビル,612-8081
7035,JRA京都競馬場店,135.7283692,34.9041968,京都府,京都市伏見区,葭島渡場島町32 京都競馬場内,612-8265
3196,山科店,135.8198483,34.9802004,京都府,京都市山科区,音羽野田町１５−３,607-8075
1400,洛西ニュータウン店,135.6792481,34.9596083,京都府,京都市西京区,大野原東境谷町2-5-8 洛西ニュータウン,610-1143
4078,福知山店,135.1370608,35.2912181,京都府,福知山市,堀小字今岡2692 ,620-0000
4106,福知山AVIX店,135.1173744,35.2913978,京都府,福知山市,東羽合町149番地,620-0933
7091,東舞鶴店,135.3982756,35.4634342,京都府,舞鶴市,南浜町27-5 　らぽーる　1F,625-0057
982,宇治大久保店,135.7806325,34.86749,京都府,宇治市,大久保町上ノ山32-4 ,611-0033
1174,槙島店,135.7862542,34.9095217,京都府,宇治市,槙島町35-46 ,611-0041
1476,アル・プラザ亀岡店,135.6053484,34.9984134,京都府,亀岡市,篠町野条上又11-1アル・プラザ亀岡,621-0822
7113,イオン向日町店,135.7063358,34.9500442,京都府,向日市,寺戸町小佃14,617-0002
7167,イズミヤ八幡店,135.7155175,34.8579192,京都府,八幡市,八幡一ノ坪23-1　イズミヤ八幡1F,614-8043
956,新田辺店,135.7757017,34.8176478,京都府,京田辺市,河原食田2 ,610-0300
4219,イオンモール高の原店,135.7936686,34.7219722,京都府,木津川市,相楽台1-1　イオンモール高の原店内,619-0223
3141,イオンモール久御山店,135.7493766,34.8899824,京都府,久世郡久御山町,森南大内156-1 　2階  ,613-0024
1280,毛馬橋店,135.52589,34.7163536,大阪府,大阪市都島区,毛馬町1-7 ,534-0001
1433,京橋店,135.5348362,34.693881,大阪府,大阪市都島区,東野田町2-1-38京阪モール西館,534-0024
389,野田阪神店,135.4779389,34.690025,大阪府,大阪市福島区,吉野2-14-12 ,553-0006
7008,大阪ドーム店,135.4800978,34.6660508,大阪府,大阪市西区,千代崎3-中2-1 大阪ドーム216,550-0023
3188,イオンモール大阪ドームシティ店,135.4807871,34.667154,大阪府,大阪市西区,千代崎3-13-1　イオンモール大阪ドームシティ4Fフードコート内,550-0023
1070,天保山マーケットプレ−ス店,135.4326381,34.6524678,大阪府,大阪市港区,海岸通り1-3 ,552-0022
4054,上本町店,135.5224129,34.6632527,大阪府,大阪市天王寺区,上本町6-2-21 ,543-0001
1389,JR玉造駅前店,135.5350351,34.6710059,大阪府,大阪市天王寺区,玉造元町2-31 ,543-0014
1344,芦原橋店,135.492655,34.6561878,大阪府,大阪市浪速区,塩草3-12-9 ,556-0024
3015,塚本駅前店,135.4716389,34.7086958,大阪府,大阪市西淀川区,柏里2-1-15 ,555-0022
139,上新庄店,135.5358639,34.7446219,大阪府,大阪市東淀川区,上新庄2-24-24 ,533-0006
4208,緑一丁目店,135.5636689,34.712075,大阪府,大阪市旭区,新森6-1-19,535-0022
4257,あべのキューズモール店,135.51445,34.6418228,大阪府,大阪市阿倍野区,阿倍野筋1-6-1　キューズモールQ-016  ,545-0052
84,長居店,135.5165458,34.6086039,大阪府,大阪市住吉区,長居東4-1-12 パークサイド南栄ビル101号,558-0004
4104,デイリーカナート天下茶屋店,135.4987089,34.6342708,大阪府,大阪市西成区,岸里1-1-95 ,557-0041
4157,東三国店,135.5008739,34.7381858,大阪府,大阪市淀川区,東三国4-2-17,532-0002
388,十三東口店,135.4857899,34.7164055,大阪府,大阪市淀川区,十三東2-8-11 古林ビル,532-0023
4204,イオンモール鶴見緑地店,135.5690367,34.7001781,大阪府,大阪市鶴見区,鶴見4-17-1-310,538-0053
4034,玉出店,135.4930669,34.6193508,大阪府,大阪市住之江区,粉浜1-5-39 ,559-0001
183,長吉店,135.5765319,34.6030128,大阪府,大阪市平野区,長吉長原東1-1-41 ,547-0013
4188,イオン喜連瓜破店,135.5546789,34.6050897,大阪府,大阪市平野区,瓜破2-1-13　イオン喜連瓜破駅前店内,547-0024
4138,イオンタウン平野店,135.55538,34.62897,大阪府,大阪市平野区,平野北1丁目8-2 イオンタウン内,547-0041
209,梅田HEP通り店,135.5037789,34.7004608,大阪府,大阪市北区,角田町6-15 ,530-0017
375,天満駅前店,135.51409,34.7020011,大阪府,大阪市北区,天神橋4-8-19 ,530-0041
3059,プラットプラット堺駅前店,135.47265,34.5791519,大阪府,堺市堺区,戎島3丁22-1 プラットプラットSC内　1F,590-0985
1352,光明池店,135.47886,34.4706181,大阪府,堺市南区,鴨谷台2-2-1 ,590-0138
260,北花田店,135.5194122,34.5799442,大阪府,堺市北区,北花田町3-17-2 ,591-8002
4229,コーナン中百舌鳥店,135.5137094,34.5503047,大阪府,堺市北区,中百舌鳥町3-428-2,591-8023
111,堺百舌鳥店,135.4916828,34.541815,大阪府,堺市北区,百舌鳥陵南町2-686 ,591-8034
3051,R26岸和田店,135.392895,34.4558875,大阪府,岸和田市,八阪町1-10-47 ,596-0049
4147,豊中駅前店,135.4650636,34.7845892,大阪府,豊中市,本町1丁目10-1ボゼム豊中第一ビル3F,560-0021
4174,千里中央店,135.4968728,34.8065611,大阪府,豊中市,新千里東町1-1-1,560-0082
152,池田店,135.4342504,34.8159188,大阪府,池田市,城南1-9-16 ,563-0025
1281,吹田店,135.5285106,34.7588358,大阪府,吹田市,朝日町15-3 ,564-0027
4132,イオン北千里店,135.5121008,34.8165181,大阪府,吹田市,古江台4-2-50,565-0874
118,泉大津店,135.4197008,34.5083144,大阪府,泉大津市,松ノ浜町1-2-2 ,595-0072
1188,イオン高槻店,135.6471835,34.8559811,大阪府,高槻市,萩之庄3-47-2 ,569-0093
1484,アル・プラザ高槻店,135.6190253,34.8488806,大阪府,高槻市,芥川1丁目2番アクト・アモーレC-106,569-1123
7172,イオンモール大日店,135.5833289,34.7461919,大阪府,守口市,大日東町100-1　イオンモール大日内　2F,570-0016
144,枚方バイパス店,135.6733331,34.8116031,大阪府,枚方市,堂山東町1-34 ,573-0006
4009,エル・枚方店,135.6499881,34.8117367,大阪府,枚方市,岡東町19-20 ,573-0032
3207,くずはモール店,135.6789783,34.8569796,大阪府,枚方市,楠葉花園町１０−８５,573-1121
4261,イオン茨木店,135.5607826,34.807039,大阪府,茨木市,松ケ本町8番30号　1階フードコート内,567-0033
7147,アル・プラザ茨木店,135.5585633,34.8349094,大阪府,茨木市,上郡2-12-18　アル・プラザ茨木　1F,567-0065
3040,阪急茨木店,135.5785856,34.8132908,大阪府,茨木市,永代町1-5 ,567-0816
4135,イズミヤ八尾店,135.6057764,34.5853377,大阪府,八尾市,沼1丁目1番地,581-0036
103,近鉄八尾店,135.6063341,34.6266417,大阪府,八尾市,北本町2-1 ペントプラザ19号,581-0802
3056,イオンモール日根野店,135.3365742,34.3900483,大阪府,泉佐野市,日根野2496-1 イオンモール日根野内,598-0021
7198,いこらも〜る泉佐野店,135.3302564,34.4189506,大阪府,泉佐野市,下瓦屋2-2-77 ,598-0062
1493,香里園店,135.6335892,34.7813109,大阪府,寝屋川市,香里南之町19-1,572-0084
229,寝屋川市駅前店,135.6243522,34.7601294,大阪府,寝屋川市,早子町23-2-101 ,572-0837
7140,東寝屋川店,135.6577769,34.755935,大阪府,寝屋川市,打上中町9番5号フレンドマート東寝屋川店内,572-0857
3054,河内長野店,135.5595281,34.4454864,大阪府,河内長野市,上原西町1-8 ,586-0038
1168,松原店,135.5602041,34.5716946,大阪府,松原市,上田3-6-1 ユメニティ松原,580-0016
1343,赤井店,135.6207875,34.7070728,大阪府,大東市,氷野2-1-20 ,574-0062
1302,泉北和泉中央店,135.4589972,34.4580286,大阪府,和泉市,いぶき野5-1-1 ,594-0041
3052,イオン和泉府中店,135.4235283,34.4823431,大阪府,和泉市,肥子町2-2-1 イオン和泉府中店内,594-0076
1211,箕面店,135.4741367,34.8220219,大阪府,箕面市,牧落1-7-36 ,562-0004
225,小野原店,135.5174669,34.8327139,大阪府,箕面市,粟生新家3-3-29 ,562-0024
4274,外環羽曳野店,135.607068,34.5386433,大阪府,羽曳野市,西浦３丁目５−６,583-0861
1213,古川橋店,135.5960964,34.7307236,大阪府,門真市,柳田町5-14 ,571-0038
185,千里丘店,135.5505986,34.7873739,大阪府,摂津市,千里丘2-12-28 ,566-0001
1374,第二阪和高石店,135.4473033,34.5145014,大阪府,高石市,西取石6-6-49 ,592-0012
61,藤井寺店,135.5966872,34.5705406,大阪府,藤井寺市,岡2-1-31 ,583-0027
1279,東花園店,135.6285268,34.6595303,大阪府,東大阪市,吉田6-1-2 ,571-0924
6104,イオン東大阪店,135.6051614,34.6765342,大阪府,東大阪市,荒本北2-3-22　イオン東大阪SC内,577-0011
88,長田中央大通店,135.5874492,34.6752775,大阪府,東大阪市,長田西1-5-31 ,577-0016
4237,近鉄布施駅前店,135.5657503,34.6601957,大阪府,東大阪市,足代1-12-14 ,577-0841
4084,中央環状巨摩橋店,135.6006142,34.6515728,大阪府,東大阪市,若江西新町4-1-4 ,578-0944
7199,イオンモールりんくう泉南店,135.2699328,34.3768789,大阪府,泉南市,りんくう南浜3-12　イオンモールりんくう泉南 2F,590-0535
206,狭山亀の甲店,135.5500419,34.4943614,大阪府,大阪狭山市,茱萸木3-97-2 ,589-0013
3006,岡本店,135.2797947,34.7244806,兵庫県,神戸市東灘区,本山北町3-5-15 ,658-0003
4301,フォレスタ六甲店,135.2411412,34.712509,兵庫県,神戸市灘区,永手町4-2-1　,657-0027
3077,板宿店,135.137235,34.6570961,兵庫県,神戸市須磨区,平田町2-2-9　森岡ビル,654-0021
573,名谷店,135.0984233,34.6744853,兵庫県,神戸市須磨区,中落合2-2-3 須磨パティオ専門店3番館,654-0154
7152,垂水店,135.0565697,34.6260231,兵庫県,神戸市垂水区,神田町1-20,655-0027
7094,イオンジェームス山店,135.0789603,34.642915,兵庫県,神戸市垂水区,青山台7-7-1 ,655-0873
3085,西鈴蘭台店,135.1391617,34.722949,兵庫県,神戸市北区,北五葉1-2-3 ,651-1131
4206,イオンモール神戸北店,135.198615,34.8578333,兵庫県,神戸市北区,上津台8丁目1番地イオンモール神戸北SC3Fフードコート内,651-1515
4184,三宮阪急駅前店,135.1958775,34.6906581,兵庫県,神戸市中央区,北長狭通1-2-3 二鶴ビル,650-0012
7211,神戸ハーバーランド店,135.1837639,34.6765028,兵庫県,神戸市中央区,東川崎町1-8-1プロメナ神戸　B1,650-0044
1166,神戸学園都市店,135.0606383,34.6794764,兵庫県,神戸市西区,学園西町1-5 キャンパススクエア東館,651-2103
7202,イズミヤ神戸玉津店,134.9855197,34.6603111,兵庫県,神戸市西区,森友3丁目7-3,651-2132
3091,玉津店,134.9847882,34.6779072,兵庫県,神戸市西区,玉津町小山190-1,651-2144
7164,カナート西神戸店,134.9429908,34.7074675,兵庫県,神戸市西区,竜が岡1-21-1 ,651-2412
1366,姫路保城店,134.7222753,34.8529697,兵庫県,姫路市,保城579-1 ,670-0804
3118,JR姫路駅店,134.6945565,34.8237976,兵庫県,姫路市,豆腐町222　ピオレごちそう館内,670-0914
1367,姫路土山店,134.677835,34.8286572,兵庫県,姫路市,土山1-6-20 ,670-0996
1401,イトーヨーカドー広畑店,134.6399178,34.7937136,兵庫県,姫路市,広畑区夢前町1-1 ,671-1122
3066,姫路南店,134.6846747,34.8082167,兵庫県,姫路市,飾磨区三宅1-3 ,672-8048
1392,姫路リバーシティ店,134.6712242,34.7948886,兵庫県,姫路市,飾磨区細江2560 ,672-8064
212,尼崎西店,135.4005047,34.7233017,兵庫県,尼崎市,浜田町5-78 ,660-0062
4126,つかしん店,135.42035,34.7574303,兵庫県,尼崎市,塚口本町4-8-1,661-0001
1011,武庫之荘駅前店,135.3963397,34.7481542,兵庫県,尼崎市,南武庫之荘1-1 ,661-0033
3086,アル・プラザあまがさき店,135.4326503,34.7304939,兵庫県,尼崎市,潮江1-3-1 アル・プラザあまがさき1F,661-0976
1097,山陽明石駅店,134.9960094,34.6453683,兵庫県,明石市,大明石町1-4-1 山陽電車明石駅構内,673-0891
3127,イオン明石店 ,134.937779,34.6753136,兵庫県,明石市,大久保町ゆりのき通り3-3-1　イオン明石内,674-0068
7148,イトーヨーカドー明石店,134.8811947,34.702255,兵庫県,明石市,二見町西二見駅前1-18,674-0094
4101,西宮北口店,135.3587825,34.7437286,兵庫県,西宮市,甲風園1-4-9 不二屋第2ビル,662-0832
4281,関西学院大学店,135.3486673,34.7672822,兵庫県,西宮市,上ヶ原一番町1-155 H号館内,662-8501
1350,甲子園口店,135.3783744,34.7353039,兵庫県,西宮市,甲子園口2-1-34 ,663-8113
6037,甲子園球場店,135.3643728,34.7188892,兵庫県,西宮市,甲子園町1-82,663-8152
6101,ダイエー甲子園店,135.3645503,34.7205056,兵庫県,西宮市,甲子園高潮町3-3,663-8166
4048,阪神甲子園店,135.3667928,34.7198547,兵庫県,西宮市,甲子園 7番町 1-27 ,663-8177
4178,R−2芦屋店,135.3193264,34.7313425,兵庫県,芦屋市,楠町11-20 ,659-0015
7232,イオンモール伊丹昆陽店 ,135.3841611,34.7812775,兵庫県,伊丹市,池尻4-1-1,664-0027
4118,イオンモール伊丹店,135.4263278,34.7783331,兵庫県,伊丹市,藤ノ木1丁目1番1号　イオンモール伊丹テラス,664-0847
57,阪急伊丹駅前店,135.4167867,34.7773456,兵庫県,伊丹市,中央1-4-4 ,664-0851
3080,豊岡店,134.8178002,35.5508435,兵庫県,豊岡市,船町346-1 ,668-0805
1369,加古川店,134.8407164,34.7629117,兵庫県,加古川市,加古川町篠原町1-13 ,675-0065
289,明姫別府店,134.8528236,34.7334192,兵庫県,加古川市,別府町別府字西ノ名904,675-0122
4240,グリーンプラザべふ店,134.8517633,34.7252411,兵庫県,加古川市,別府町緑町2　グリーンプラザべふ（フードコート内）,675-0124
7207,イオン赤穂店,134.4035806,34.7525833,兵庫県,赤穂市,中広字別所55-3 ,678-0232
1214,宝塚インター店,135.3757422,34.8008783,兵庫県,宝塚市,安倉北2-18-15 ,665-0821
3010,三木店,135.0137814,34.7768419,兵庫県,三木市,志染町広野1-110 ,673-0541
3119,高砂店,134.8053602,34.7469827,兵庫県,高砂市,高砂町栄町373-7　サンモール高砂内,676-0038
3037,アステ川西店,135.4158522,34.8232919,兵庫県,川西市,栄町25-1　アステ川西1F,666-0033
3105,イオン小野店,134.9384747,34.85315,兵庫県,小野市,王子町868-1,675-1378
7209,イオン三田ウッディタウン店,135.1898788,34.9055017,兵庫県,三田市,けやき台1-6-2,669-1321
4243,イオンモール加西北条店,134.8309569,34.9273758,兵庫県,加西市,北条町北条308-1,675-2312
4069,イオン和田山店,134.8665339,35.3260831,兵庫県,朝来市,和田山町枚田岡774 ,669-5215
1421,太子店,134.6004131,34.8297453,兵庫県,揖保郡太子町,東出144-3 ,671-1521
157,JR奈良駅前店,135.8233144,34.6789086,奈良県,奈良市,大宮町1-1-10 ,630-8115
4137,イオンタウン大安寺店,135.823365,34.6672482,奈良県,奈良市,南京終町1丁目128-1,630-8141
236,学園前店,135.7526094,34.6944331,奈良県,奈良市,学園北1-1-12 ,631-0036
4128,西大寺店(ならファミリー店),135.7879739,34.6918625,奈良県,奈良市,西大寺東町2-4-1,631-0821
4148,アピタ大和郡山店,135.7723394,34.6390078,奈良県,大和郡山市,田中町字宮西517,639-1028
4252,イオンモール大和郡山店,135.8048239,34.6486092,奈良県,大和郡山市,下三橋町741　イオンモール大和郡山SC内1F,639-1101
4122,イオンタウン天理店,135.8277883,34.5870861,奈良県,天理市,東井戸堂町381番,632-0074
771,橿原店,135.8005103,34.5165083,奈良県,橿原市,新賀町132-2 ,634-0006
4236,イオンモール橿原店,135.76593,34.5027103,奈良県,橿原市,曲川町7-20-1,634-0837
4250,イオンモール奈良登美ヶ丘店,135.7530681,34.7224531,奈良県,生駒市,鹿畑町3720番地　イオンモール登美ヶ丘店内2F,630-0115
361,生駒駅前店,135.7007363,34.6893969,奈良県,生駒市,元町1-3-23 ,630-0257
246,大和新庄店,135.7375541,34.4924705,奈良県,葛城市,東室149-1 ,639-2102
1226,真美ヶ丘店,135.7276914,34.5430869,奈良県,北葛城郡広陵町,馬見中4-1-1 ,635-0832
6008,イオン西大和店,135.7212794,34.5815761,奈良県,北葛城郡河合町,中山台2-7 ,636-0072
7224,イオンモール盛岡インター店,141.1026478,39.7088039,岩手県,盛岡市,前潟4-7-1,020-0148
1008,都南店,141.1640119,39.6553569,岩手県,盛岡市,津志田南1丁目1-45,020-0839
3020,イオンモール盛岡南店,141.1321678,39.6807769,岩手県,盛岡市,本宮7-1-1,020-0866
7228,宮古マリンコープDORA店,141.9454469,39.6291892,岩手県,宮古市,小山田2-2-1,027-0038
3084,イオン北上江釣子店,141.0978575,39.2903281,岩手県,北上市,北鬼柳19-68,024-0077
3028,イオンスーパーセンター一関店,141.1569656,38.9367769,岩手県,一関市,狐禅寺字石の瀬11-1,029-0131
4144,和歌山CITY店,135.1790111,34.2363961,和歌山県,和歌山市,元寺町5-58,640-8024
7230,和歌山パームシティ店,135.1420508,34.2510881,和歌山県,和歌山市,中野字長佐30,640-8433
3203,イオンモール和歌山店,135.1517544,34.2723233,和歌山県,和歌山市,中字楠谷573番地 イオンモール和歌山　１F,640-8451
3053,紀三井寺店,135.1884186,34.1888064,和歌山県,和歌山市,三葛315-1 ,641-0011
4278,和歌山北インター店,135.2289634,34.2532323,和歌山県,和歌山市,田屋102-1,6496337
4150,オーストリート橋本彩の台店,135.6555756,34.3330631,和歌山県,橋本市,あやの台1-50-3,648-0019
3058,御坊店,135.1515852,33.8949297,和歌山県,御坊市,湯川町財部181 オオクワロマンシティ御坊店内,644-0011
4158,新宮店,135.9738764,33.6703531,和歌山県,新宮市,佐野3丁目11番9号,647-0071
3055,岩出店,135.3196983,34.2581381,和歌山県,岩出市,中迫131 ,649-6215
963,鳥取千代水店,134.2064,35.5098828,鳥取県,鳥取市,安長字行水227-1 ,680-0913
427,米子皆生店,133.3636169,35.4476311,鳥取県,米子市,皆生6-8-46 ,683-0003
689,米子米原店,133.3319394,35.442165,鳥取県,米子市,米原5-6-27 ,683-0804
1150,倉吉店,133.8518629,35.4458645,鳥取県,倉吉市,山根572-1 ,682-0023
927,松江乃木店,133.0618022,35.4407322,島根県,松江市,上乃木4-33-8 ,690-0015
3154,松江店,133.0668432,35.4693596,島根県,松江市,学園南1-22-17 ,690-0826
1033,出雲店,132.7558322,35.3654494,島根県,出雲市,渡橋町95-1 ,693-0004
3045,ゆめタウン出雲店,132.7578911,35.3741444,島根県,出雲市,大塚町650-1他(地番),693-0063
1364,ゆめタウン益田店,131.8192183,34.6868036,島根県,益田市,高津町7-21-22,698-0041
1328,イオンタウン大田店,132.4846294,35.1954881,島根県,大田市,長久町土江97 ,694-0044
772,岡山高柳店,133.9031717,34.6586767,岡山県,岡山市北区,高柳東町14-22 ,700-0034
498,岡山神田店,133.9271113,34.6355563,岡山県,岡山市北区,神田町2-5-21 ,700-0935
985,岡山原尾島店,133.9467611,34.6697231,岡山県,岡山市中区,浜620-1 ,703-8256
3005,マルナカ益野店,134.0010558,34.6559608,岡山県,岡山市東区,益野30-1 ,704-8175
1381,岡山新保店,133.9092236,34.6284172,岡山県,岡山市南区,新保661-10 ,700-0945
3124,倉敷中庄店,133.8012962,34.6229646,岡山県,倉敷市,中庄2305-6,710-0016
7163,マルナカ新倉敷店,133.6867617,34.5578817,岡山県,倉敷市,玉島爪崎981-1 ,710-0252
1292,イオンモール倉敷店,133.7478271,34.6000394,岡山県,倉敷市,水江1 ,710-0802
577,倉敷笹沖店,133.7719011,34.5696228,岡山県,倉敷市,笹沖394-1-2 ,710-0834
7225,津山ノースランド店,134.0070073,35.077744,岡山県,津山市,上河原160-2,708-0002
3008,津山イーストランド店,134.031235,35.0565478,岡山県,津山市,川崎138 ,708-0841
3007,シーサイドモール笠岡店,133.508146,34.4996326,岡山県,笠岡市,笠岡2388 ,714-0081
469,広島紙屋町店,132.4595119,34.3910186,広島県,広島市中区,紙屋町2-2-7 ,730-0031
899,広島府中店,132.5006128,34.3891325,広島県,広島市東区,矢賀新町3-2-10 ,732-0044
1487,イオン宇品店,132.4711165,34.3594292,広島県,広島市南区,宇品東6-1-15,734-0003
3209,ゆめタウン広島店,132.46613,34.3727538,広島県,広島市南区,皆実町２−８−１７,734-0007
597,広島東雲店,132.4927631,34.3758994,広島県,広島市南区,東雲2-18-25 ,734-0022
1426,フレスタ横川店,132.4518525,34.4064144,広島県,広島市西区,横川町3-2-36,733-0011
1165,広島庚午店,132.4227444,34.38607,広島県,広島市西区,庚午北2-16-4,733-0821
1050,広島八木店,132.4958644,34.4763528,広島県,広島市安佐南区,八木2-13-14,731-0101
671,広島安古市店,132.4625986,34.4645136,広島県,広島市安佐南区,大町西3-3-22 ,731-0125
3171,イオンモール広島祇園店,132.4639642,34.4409078,広島県,広島市安佐南区,祇園３−２−１,731-0138
845,広島五日市店,132.3567678,34.3610564,広島県,広島市佐伯区,楽々園2-1-19 ,731-5136
1227,呉店,132.562409,34.2413257,広島県,呉市,中央1-6-10 ,737-0051
1304,イオン三原店,133.0898169,34.3959967,広島県,三原市,城町2-13-1 ,723-0014
1198,尾道店,133.1898583,34.4211536,広島県,尾道市,栗原町6050-1 ,722-0022
475,福山店,133.3644414,34.4848083,広島県,福山市,三之丸3-4 ,720-0066
3131,フジグラン神辺店,133.3602786,34.5408097,広島県,福山市,神辺町大字新道上字二丁目10番26号　フジグラン神辺敷地駐車場内,720-2104
754,福山蔵王店,133.4045942,34.5020553,広島県,福山市,南蔵王町5-17-46 ,721-0973
3155,ゆめタウン大竹店,132.2257537,34.2378385,広島県,大竹市,晴海1-6-1,739-0622
1335,東広島フジグラン店,132.75218,34.40503,広島県,東広島市,西条町御薗宇4405 ,739-0024
824,西条店,132.7295894,34.4284711,広島県,東広島市,西条町大字寺家有吉5478-2 ,739-0041
7086,ザ・ビッグ宮内店,132.3138678,34.3461178,広島県,廿日市市,宮内北山1268-1 ,738-0034
3185,下関駅前店,130.9249621,33.9466858,山口県,下関市,竹崎町4-3-1,750-0025
939,下関綾羅木店,130.9270414,34.0061339,山口県,下関市,綾羅木新町4-1 ,751-0865
746,宇部店,131.2663144,33.9398325,山口県,宇部市,恩田町1-4-20 ,755-0023
940,小郡店,131.4038766,34.1142748,山口県,山口市,小郡新町六丁目3番27号,754-0031
910,防府店,131.5591767,34.0500506,山口県,防府市,高倉2-12-27 ,747-0045
1179,ザ・モール周南店,131.8655347,34.0152136,山口県,下松市,中央町21-3 ザ・モール周南,744-0025
1018,南岩国店,132.2049327,34.1304175,山口県,岩国市,南岩国町1-24-8 ,740-0034
7029,ミスターマックス柳井店,132.1067242,33.9626752,山口県,柳井市,駅南1-14 　アルク柳井店内,742-0032
698,徳山城ケ丘店,131.8378256,34.0425442,山口県,周南市,城ケ丘1-1-13 ,745-0807
1341,徳島沖浜店,134.5545783,34.0470483,徳島県,徳島市,沖浜3-8 ,770-8052
1342,徳島川内店,134.5806036,34.1141806,徳島県,徳島市,川内町大松333-1 ,771-0131
3222,フジグラン北島店,134.5499925,34.1084516,徳島県,板野郡北島町,鯛浜字西ノ須１７４,771-0204
3126,ゆめタウン徳島店,134.5047964,34.1147833,徳島県,板野郡藍住町,奥野字東中須88番の1  　ゆめタウン徳島,771-1202
1089,高松今里店,134.0607489,34.3201772,香川県,高松市,今里町4-5 ,760-0078
3050,高松屋島店,134.1006038,34.333031,香川県,高松市,屋島西町1981-1,761-0113
3220,フジグラン十川店,134.1119638,34.2673854,香川県,高松市,十川東町５５−１,761-0434
3047,浜街道丸亀店,133.7884071,34.2910779,香川県,丸亀市,蓬莱町56-1,763-0062
967,丸亀店,133.8050547,34.2651306,香川県,丸亀市,山北町字原窪28-2 ,763-0072
968,観音寺店,133.6914725,34.1230014,香川県,観音寺市,吉岡町字道上214-1 ,768-0021
3221,フジグラン松山店,132.7552434,33.8418181,愛媛県,松山市,宮西１−２−１,790-0065
3219,フジグラン今治店,133.0174285,34.0583207,愛媛県,今治市,東門町５−１３−１,794-0033
3217,フジグラン北宇和島店,132.5714215,33.2313863,愛媛県,宇和島市,伊吹町甲９１２−２,798-0023
3218,フジグラン新居浜店,133.2858036,33.9640927,愛媛県,新居浜市,新須賀町２−１０−７　フジグラン新居浜,792-0802
3164,フジグラン西条店,133.1852693,33.9217277,愛媛県,西条市,新田字北新田235,793-0028
3223,フジグラン重信店,132.8363072,33.7921246,愛媛県,東温市,野田３−１−１３,791-0216
3224,エミフルＭＡＳＡＫＩ店,132.7184045,33.7865859,愛媛県,伊予郡松前町,筒井８５０,791-3120
3184,イオンモール高知店,133.5449356,33.5728174,高知県,高知市,秦南町１−４−８,780-0026
3225,サニーアクシス南国店,133.650994,33.5626697,高知県,南国市,大そね乙１００９−１,783-0005
3186,フジグラン野市店,133.6999283,33.5583172,高知県,香南市,野市町西野2007番地１　フジグラン野市駐車場内,781-5232
3094,仙台駅前店,140.8839311,38.2589586,宮城県,仙台市青葉区,中央1-8-38 AKビル,980-0021
3093,セラビ幸町,140.9038314,38.2688644,宮城県,仙台市宮城野区,大梶7-10,983-0835
7218,楽天Koboスタジアム宮城店,140.9062118,38.2541487,宮城県,仙台市宮城野区,宮城野2-11-6,983-0852
3193,仙台六丁の目店,140.9425035,38.2476584,宮城県,仙台市若林区,六丁の目南町８−１,984-0013
1255,ザ・モール仙台長町店,140.8802053,38.2227997,宮城県,仙台市太白区,長町7-20-3 ,982-0011
3099,仙台泉中央店,140.8887425,38.3191028,宮城県,仙台市泉区,泉中央4-10-1 ,981-3133
1244,長命ヶ丘店,140.8487195,38.3072791,宮城県,仙台市泉区,長命ヶ丘2-21-1 ,981-3212
7217,イオンモール石巻店,141.2687128,38.4446467,宮城県,石巻市,蛭田字新金沼170番地,986-0861
3133,イオン気仙沼店,141.5769469,38.8860283,宮城県,気仙沼市,字赤岩舘下6-1外 イオン気仙沼1F,988-0101
3095,名取バイパス店,140.8941805,38.175178,宮城県,名取市,田高字沢目427 ,981-1221
7216,イオンモール名取店,140.8991953,38.1608258,宮城県,名取市,増田字関下460番地,981-1224
3134,イオン多賀城店,141.0080725,38.2794378,宮城県,多賀城市,町前4-1-1 イオン多賀城店内1F,985-0845
3036,ヨークベニマル佐沼店,141.1936681,38.68847,宮城県,登米市,迫町佐沼字中江2-4-2　ヨークベニマル佐沼1F,987-0511
3100,イオンタウン矢本店,141.207625,38.42285,宮城県,東松島市,小松字上浮足43番地　イオンタウン矢本SC駐車場内DT店舗,981-0504
3096,古川店,140.9733083,38.5723753,宮城県,大崎市,古川駅東2-5-13 ,989-6115
880,大河原店,140.7344711,38.0506439,宮城県,柴田郡大河原町,字新南60-25 ,989-1245
7214,イオンモール利府店,140.9758494,38.3238275,宮城県,宮城郡利府町,利府字新屋田前22,981-0112
7215,イオンモール富谷店,140.8794472,38.3617528,宮城県,黒川郡富谷町,大清水1-33-1,981-3311
1489,JR門司店,130.9356125,33.9008642,福岡県,北九州市門司区,中町2-1 ,800-0039
1418,若松二島店,130.7458478,33.8869361,福岡県,北九州市若松区,二島1-4-10,808-0103
3049,小倉中央店,130.8826733,33.8811778,福岡県,北九州市小倉北区,魚町1-4-1,802-0006
7116,到津店,130.852985,33.8707792,福岡県,北九州市小倉北区,上到津3-3-29,803-0845
7155,サンリブシティ小倉店,130.9105058,33.8350508,福岡県,北九州市小倉南区,上葛原2丁目14-1,800-0255
7032,小倉競馬場店,130.8772764,33.8402807,福岡県,北九州市小倉南区,北方4-5-1 ,802-0841
992,北九州徳力店,130.873015,33.8315578,福岡県,北九州市小倉南区,守恒本町3-1-8 ,802-0971
7175,イオンモール八幡東店,130.8139347,33.8671181,福岡県,北九州市八幡東区,東田2-101,805-0071
3212,カーネルラウンジ店,130.8129554,33.8702271,福岡県,北九州市八幡東区,東田４−１−１ スぺースワールド内,805-0071
1363,JR黒崎店,130.7684844,33.8634308,福岡県,北九州市八幡西区,黒崎3-15-1 ,806-0021
3227,イオンタウン黒崎店,130.7627147,33.8569345,福岡県,北九州市八幡西区,西曲里町３−１,806-0036
926,和白店,130.4373502,33.6914136,福岡県,福岡市東区,和白丘1-5-3 ,811-0213
1310,ゆめタウン博多店,130.4140128,33.6082497,福岡県,福岡市東区,東浜1-1-1 ,812-0055
1478,イオンモール香椎浜店,130.431844,33.6537326,福岡県,福岡市東区,香椎浜3-12-1,813-0016
1193,JR博多店,130.4222581,33.5869272,福岡県,福岡市博多区,博多駅中央街1-1-4-6,812-0012
3030,エキサイド博多店,130.4238983,33.5875439,福岡県,福岡市博多区,博多駅中央街1-1,812-0012
3189,キャナルシティ博多店,130.4130924,33.5849022,福岡県,福岡市博多区,住吉１−２−２２　Ｂ１Ｆ,812-0018
1184,福岡パピヨンプラザ店,130.4234692,33.5994478,福岡県,福岡市博多区,千代1-2-13 ,812-0044
928,福岡南バイパス店,130.4685933,33.5609239,福岡県,福岡市博多区,立花寺1-7-28 ,816-0862
3113,天神サザン通り店,130.4007272,33.5866611,福岡県,福岡市中央区,天神2丁目10-14,810-0001
458,福岡赤坂店,130.3879986,33.5805119,福岡県,福岡市中央区,赤坂2-5-50 ,810-0042
1160,福岡ヤフオクドーム店,130.3645114,33.5909628,福岡県,福岡市中央区,地行浜2-2-2 福岡ドーム,810-0065
823,大橋店,130.4242769,33.5573169,福岡県,福岡市南区,向野2-18-5 ,815-0035
7236,木の葉モール橋本店 ,130.3252421,33.5520957,福岡県,福岡市西区,橋本2-27-2　木の葉モール橋本1F,819-0031
999,福岡今宿店,130.2662844,33.5783894,福岡県,福岡市西区,今宿3-41-36 ,819-0167
3017,イオンモール伊都店,130.2610397,33.5742091,福岡県,福岡市西区,北原1-2-1,819-0375
842,片江店,130.3809064,33.549215,福岡県,福岡市城南区,片江1-4-50 ,814-0142
683,福岡西新店,130.3613539,33.5799219,福岡県,福岡市早良区,西新4-9-39 仲野ビル1F,814-0002
976,福岡原バイパス店,130.3332403,33.5651742,福岡県,福岡市早良区,小田部5-8-12 ,814-0032
7231,イオンモール大牟田店,130.4304156,33.0272664,福岡県,大牟田市,岬町3-4 ,836-0037
7099,ゆめタウン大牟田店,130.4562822,33.0333167,福岡県,大牟田市,旭町2-28-1 ,836-0807
1060,JR大牟田店,130.4463508,33.026285,福岡県,大牟田市,不知火町1 ,836-0843
3117,JR久留米店,130.5035589,33.3169864,福岡県,久留米市,城南町2-34,830-0022
688,久留米中央公園店,130.5322397,33.3154333,福岡県,久留米市,合川町字西屋敷1923-1 ,839-0861
1474,ゆめタウン久留米店,130.5407428,33.3184875,福岡県,久留米市,新合川1-2-1,839-0865
7157,イオンモール直方店,130.75209,33.765385,福岡県,直方市,湯野原2-1-1,822-0008
789,飯塚かやの森店,130.7063546,33.6402488,福岡県,飯塚市,柏ノ森56-1 ,820-0011
3172,飯塚秋松店,130.6733659,33.6144871,福岡県,飯塚市,秋松864-1,820-0083
3103,ゆめタウン八女店,130.5495844,33.2122982,福岡県,八女市,大字蒲原988-28,834-0064
1475,JR行橋店,130.9727718,33.7252464,福岡県,行橋市,西宮市2丁目1番1号,824-0031
897,中間店,130.7232031,33.8221408,福岡県,中間市,蓮花寺2-2-15 ,809-0014
3200,イオン小郡店,130.5663427,33.4065874,福岡県,小郡市,大保17-1,838-0115
7200,イオンモール筑紫野店,130.5290922,33.4776258,福岡県,筑紫野市,大字立明寺434-1他,818-0042
598,春日店,130.4640056,33.5276289,福岡県,春日市,若葉台西2-4 ,816-0823
1028,宗像店,130.5598281,33.7830142,福岡県,宗像市,光岡310-1 ,811-3414
7066,サンリブくりえいと宗像店,130.5663155,33.8086244,福岡県,宗像市,くりえいと1-5-2 ,811-4183
806,太宰府店,130.5264061,33.5051358,福岡県,太宰府市,五条3-6-39 ,818-0125
7044,サンリブ古賀店,130.4687087,33.7308847,福岡県,古賀市,天神2-5-1 ,811-3101
3150,イオンモール福津,130.4972571,33.751183,福岡県,福津市,福間駅東土地区画整理事業地内１００街区１,811-3208
7145,イオン甘木店,130.6563169,33.4020561,福岡県,朝倉市,甘木岩入380番地,838-0068
3152,那珂川店,130.4285837,33.5113804,福岡県,筑紫郡那珂川町,道善１,8111254
1288,トリアス久山店,130.4936129,33.650682,福岡県,糟屋郡久山町,山田1054-1 ,811-2502
1495,イオンモール福岡店,130.4828006,33.5936778,福岡県,糟屋郡粕屋町,酒殿字老ノ木192-1,811-2303
757,佐賀南部バイパス店,130.2826314,33.2371772,佐賀県,佐賀市,西与賀町大字厘外970-1 ,840-0034
3024,ゆめタウン佐賀店,130.3102406,33.2723278,佐賀県,佐賀市,兵庫北5-14-1,849-0915
610,佐賀鍋島店,130.2748122,33.2685503,佐賀県,佐賀市,開成6-12-15 ,849-0934
747,唐津店,129.9771803,33.4337425,佐賀県,唐津市,和多田本村1-11,847-0085
974,鳥栖店,130.5023103,33.3838589,佐賀県,鳥栖市,古賀町字天神339-1 ,841-0083
7192,ゆめタウン武雄店,130.0274136,33.1855253,佐賀県,武雄市,武雄町大字武雄4992,843-0022
3159,吉野ヶ里店,130.3944543,33.3173491,佐賀県,神埼郡吉野ヶ里町,田手１６６３−１,842-0035
3191,佐賀白石店,130.1428353,33.1882057,佐賀県,杵島郡白石町,東郷1303,849-1111
7043,長崎ゆめサイト店,129.8721389,32.7430925,長崎県,長崎市,元船町10ー1 ,850-0035
7056,JR長崎店,129.8729981,32.7482081,長崎県,長崎市,尾上町1-1アミュプラザ171,850-0058
3089,浜町中央店,129.8804944,32.7404608,長崎県,長崎市,浜町7-4,850-0853
631,長崎文教町店,129.8727914,32.7844375,長崎県,長崎市,文教町10-1 ,852-8131
3201,させぼ五番街店,129.7249996,33.1618515,長崎県,佐世保市,新港町1-5,857-0855
1415,イオン大塔店,129.7823131,33.1453425,長崎県,佐世保市,大塔町14-2,857-1161
3125,諫早長野町店 ,130.0821125,32.8296772,長崎県,諫早市,長野町1532-1,854-0036
1499,JR諫早店,130.0440001,32.848191,長崎県,諫早市,永昌町1番1号,854-0072
1134,大村松並店,129.9511653,32.9185228,長崎県,大村市,松並2-1224-1 ,856-0814
862,長崎時津店,129.8476158,32.8102892,長崎県,西彼杵郡時津町,元村郷字打坂1206-15 ,851-2103
1019,熊本新天街店,130.7121226,32.7992647,熊本県,熊本市中央区,手取本町5-10 ,860-0808
706,清水バイパス店,130.7195772,32.81417,熊本県,熊本市中央区,坪井6-19-8,860-0863
3213,ゆめタウン大江店,130.7270857,32.7996229,熊本県,熊本市中央区,大江3-2-40,862-0971
539,熊本東バイパス店,130.7586267,32.8164186,熊本県,熊本市東区,下南部3-1-15 ,861-8019
662,熊本健軍店,130.7581394,32.7765786,熊本県,熊本市東区,新生1-1-16 ,862-0908
1098,JR熊本店,130.6911597,32.7853783,熊本県,熊本市西区,　7日閉店、11日よりイオンタウン田崎店に移転,860-0047
3230,イオンタウン田崎店,130.679985,32.7807097,熊本県,熊本市西区,田崎字下寄380,860-0053
815,熊本近見店,130.7010764,32.7589364,熊本県,熊本市南区,近見9-1-13 ,861-4101
991,熊本浜線バイパス店,130.7241922,32.7674192,熊本県,熊本市南区,出仲間9-6-40,862-0963
1036,熊本植木店,130.6928617,32.8895336,熊本県,熊本市北区,植木町滴水35-9 ,861-0133
549,熊本四方寄店,130.7114844,32.8578208,熊本県,熊本市北区,四方寄町1658-1 ,861-5515
1105,八代松江店,130.600472,32.5095835,熊本県,八代市,松江町235-1 ,866-0883
1151,熊本人吉店,130.7694886,32.2214332,熊本県,人吉市,鬼木町640-3 ,868-0021
1073,大牟田有明プラザ店,130.4406929,32.9974225,熊本県,荒尾市,原万田700-1 ,864-0001
3192,熊本玉名店,130.5502614,32.9249538,熊本県,玉名市,中字寺畑1680-3,865-0064
3214,山鹿店,130.6879207,33.0096074,熊本県,山鹿市,大橋通３０５,861-0517
1383,イオンモール宇城店,130.7055711,32.5942225,熊本県,宇城市,小川町河江1-1 ,869-0606
1305,イオン天草店,130.1814327,32.4310869,熊本県,天草市,亀場町食場740 ,863-0046
893,熊本大津店,130.8665158,32.8723981,熊本県,菊池郡大津町,室門出221 ,869-1235
1494,光の森店,130.7867289,32.8569489,熊本県,菊池郡菊陽町,光の森7丁目33-1,869-1101
3132,イオンモール熊本店,130.7459078,32.7347264,熊本県,上益城郡嘉島町,大字上島字長池2232 イオンモール熊本店内 ,861-3106
3109,JR大分店,131.608626,33.2308101,大分県,大分市,末広町1丁目5番,870-0027
1402,パークプレイス大分店,131.6608328,33.1917375,大分県,大分市,公園通り西2-1,870-0174
619,大分今津留店,131.6305378,33.2382833,大分県,大分市,今津留3-4-30 ,870-0938
1348,トキハわさだタウン店,131.5842128,33.1853522,大分県,大分市,大字玉沢楠本755-1 ,870-1155
1101,別府亀川バイパス店,131.5021403,33.3134564,大分県,別府市,上人ケ浜380-1 ,874-0023
3029,ゆめタウン中津店,131.1967772,33.5990906,大分県,中津市,大字島田134-1,871-0033
1090,日田店,130.9331693,33.3167469,大分県,日田市,三本松2-6-25 ,877-0016
7108,トキハインダストリー佐伯店,131.9041931,32.9408847,大分県,佐伯市,大字池田2064,876-0025
588,宮崎高千穂通り店,131.4179725,31.9148969,宮崎県,宮崎市,大橋1-5-1 ,880-0022
520,宮崎花ケ島店,131.4356933,31.9471694,宮崎県,宮崎市,花ケ島町屋形1183-1 ,880-0036
1283,JR宮崎店,131.4342036,31.9122358,宮崎県,宮崎市,錦町107-4 ,880-0811
7158,イオンモール宮崎店,131.4595292,31.9187458,宮崎県,宮崎市,新別府町江口862-1,880-0834
857,南宮崎店,131.4198183,31.8920178,宮崎県,宮崎市,中村東3-60-1,880-0904
1378,宮崎大塚店,131.3994766,31.9177737,宮崎県,宮崎市,大塚町原ノ前1616-1 ,880-0951
794,都城店,131.0803123,31.7437819,宮崎県,都城市,上川東4-5949-1 ,885-0012
1436,イオン都城店,131.0783131,31.7112614,宮崎県,都城市,早鈴町1990,885-0055
1021,延岡店,131.684824,32.5623856,宮崎県,延岡市,別府町3914-1 ,882-0861
7060,イオン日向店,131.6534867,32.4214272,宮崎県,日向市,日知屋古田町61-1 ,883-0064
673,伊敷店,130.5343253,31.6086244,鹿児島県,鹿児島市,下伊敷1丁目42-38 ,890-0004
764,城西店,130.5441414,31.5895817,鹿児島県,鹿児島市,城西1-9-1 ,890-0041
1235,JR鹿児島中央店,130.5446811,31.5804772,鹿児島県,鹿児島市,中央町1-1 フレスタかごしま1F,890-0053
481,与次郎店,130.5632007,31.5638703,鹿児島県,鹿児島市,与次郎1-5-29 ,890-0062
1422,南鹿児島店,130.5453378,31.5450558,鹿児島県,鹿児島市,新栄町4-23,890-0072
7180,イオン鹿児島店,130.5384932,31.5238782,鹿児島県,鹿児島市,東開町7,891-0115
750,七ツ島店,130.5183594,31.5013483,鹿児島県,鹿児島市,南栄5-1-11 ,891-0122
885,天文館店,130.5586945,31.5874638,鹿児島県,鹿児島市,呉服町1-6 ,892-0826
1044,鹿児島吉野店,130.5740425,31.6199756,鹿児島県,鹿児島市,吉野町1317-5 ,892-0871
1106,鹿屋店,130.8744601,31.3948646,鹿児島県,鹿屋市,札元2-3826-8 ,893-0013
1435,出水店,130.347482,32.1010459,鹿児島県,出水市,六月田町333,899-0126
1338,川内店,130.3352712,31.8066166,鹿児島県,薩摩川内市,永利町712 　タイヨー永利内,895-0005
1312,グラード伊集院店,130.4009338,31.6267686,鹿児島県,日置市,伊集院町徳重239 ,899-2502
3108,国分店,130.7467617,31.7356383,鹿児島県,霧島市,国分野口西5-22,899-4343
765,姶良店,130.6479497,31.7308702,鹿児島県,姶良市,加治木町木田2062-1 ,899-5241
650,パレット久茂地店,127.6813574,26.2102175,沖縄県,那覇市,久茂地1-1-1,900-0015
7111,サンエーメインプレイス店,127.6968603,26.2217992,沖縄県,那覇市,おもろまち4-4-9,900-0061
1271,小禄店,127.6645981,26.1901111,沖縄県,那覇市,赤嶺1-4-4 ,901-0154
647,首里末吉店,127.7079114,26.2267531,沖縄県,那覇市,古島1-25-4 ,903-0801
801,石垣店,124.1470747,24.3426169,沖縄県,石垣市,新栄町75-27 ,907-0014
3180,浦添店,127.7159483,26.2609144,沖縄県,浦添市,港川２５４,901-2134
468,名護為又店,127.9833478,26.6037319,沖縄県,名護市,為又878-3 ,905-0005
724,糸満店,127.6740708,26.1373414,沖縄県,糸満市,字兼城369-3 ,901-0303
3112,イオン武富店,127.6942114,26.1617242,沖縄県,糸満市,武富仲間田原194番地,901-0311
529,プラザハウス店,127.7953503,26.3150289,沖縄県,沖縄市,久保田3-1-3 ,904-0023
1087,登川店,127.8200592,26.3634147,沖縄県,沖縄市,登川1-1-7 ,904-2142
1272,美東泡瀬店,127.83203,26.3179156,沖縄県,沖縄市,泡瀬4-5-5 ,904-2172
3167,具志川店,127.8549853,26.3689808,沖縄県,うるま市,安慶名大田原４５１番１,904-2215
1473,宮古店,125.2947326,24.7937822,沖縄県,宮古島市,平良字西里973-1,906-0012
646,嘉手納店,127.7476351,26.3486394,沖縄県,中頭郡嘉手納町,兼久382-1 ,904-0205
3128,北谷店 ,127.7587683,26.3187736,沖縄県,中頭郡北谷町,伊平伊礼前原38-1,904-0102
7138,サンエー西原店,127.7666061,26.2203661,沖縄県,中頭郡西原町,嘉手刈 117-2,903-0112
728,西原坂田店,127.7505569,26.2349956,沖縄県,中頭郡西原町,翁長坂田531-2 ,903-0117
744,与那原店,127.7504917,26.1956681,沖縄県,島尻郡与那原町,字上与那原438-1 ,901-1302
551,一日橋店,127.7223746,26.1919818,沖縄県,島尻郡南風原町,字兼城531 ,901-1111
3083,八重瀬店,127.7245069,26.1574178,沖縄県,島尻郡八重瀬町,伊覇243,901-0405
697,八橋店,140.1044236,39.7299089,秋田県,秋田市,八橋鯲沼町48-1 ,010-0964
3076,イオンモール秋田店,140.1640469,39.66089,秋田県,秋田市,御所野地蔵田1-1-1,261-8539
1365,アクロス能代店,140.0554486,40.1803031,秋田県,能代市,字寺向83 ,016-0188
7021,イオンスーパーセンター横手南店,140.5556753,39.2922217,秋田県,横手市,大字婦気大堤字中田4-1 ,013-0063
1314,大館店,140.5335736,40.2718236,秋田県,大館市,根下戸新町18-86 ,017-0864
3034,秋田本荘店,140.0318914,39.3874811,秋田県,由利本荘市,石脇字田頭175-1,015-0011
7194,イオンモール大曲店,140.5123469,39.4358889,秋田県,大仙市,和合字坪立177番,014-0033
7036,イオン山形北店,140.3342222,38.2799392,山形県,山形市,馬見ヶ崎2-12-19 ,990-0810
1339,イオンモール山形南店,140.3092322,38.2235556,山形県,山形市,若宮3丁目7番8号,990-2451
3035,イオン米沢店,140.1118181,37.9200342,山形県,米沢市,春日町2-13-4,992-0044
7188,パル鶴岡店,139.8032644,38.7310039,山形県,鶴岡市,美咲町3-13ウエストモールパル店内,997-0857
3204,イオンモール天童店,140.3671699,38.3442704,山形県,天童市,芳賀土地区画整理事業地34街区 イオンモール天童２F,994-0000
7024,イオン東根店,140.3908961,38.4241886,山形県,東根市,大字東根甲7420-5 ,999-3701
7092,イオンモール三川店,139.8383142,38.8130494,山形県,東田川郡三川町,大字猪子字和田庫128-1 ,997-1316
7165,鎌田リオンドール店,140.4898972,37.7883219,福島県,福島市,鎌田西船戸11-1,960-0102
809,福島西インター店,140.4519011,37.7368219,福島県,福島市,大森字北島6-1 ,960-8237
7186,会津アピオ店,139.9207606,37.5175864,福島県,会津若松市,インター西116,965-0059
804,会津若松店,139.9466261,37.494515,福島県,会津若松市,東千石1-1-16 ,965-0818
3016,アピタ会津若松店,139.9076094,37.4804569,福島県,会津若松市,神指町大字南四合字幕内南154番地,965-0858
863,郡山荒井店,140.3574939,37.3686511,福島県,郡山市,安積町荒井字南大部52 ,963-0111
7022,郡山フェスタ店,140.3797242,37.44165,福島県,郡山市,日和田町字小原1 ,963-0534
1336,郡山西部プラザ店,140.3663378,37.4044106,福島県,郡山市,西ノ内2-11-35 ,963-8022
1313,イオンタウン郡山店,140.3924367,37.3869894,福島県,郡山市,松木町2-88 イオンタウン郡山G棟,963-8812
756,鹿島街道いわき店,140.9129575,36.9973918,福島県,いわき市,鹿島町下矢田二反田9-1 ,971-8132
3025,リオンドール須賀川東店,140.3846361,37.2948308,福島県,須賀川市,仲の町40-1,962-0852
3062,イオン相馬店,140.935275,37.7845892,福島県,相馬市,馬場野字雨田51,976-0036
7189,リオンドール船引店,140.5955528,37.4312764,福島県,田村市,船引町字船引川代72　リオンドール船引1F,963-4312
7038,イオン白河店,140.1807011,37.1185375,福島県,西白河郡西郷村,小田倉字岩下11-1 ,961-8061
3087,MEGAドン．キホーテ上水戸店,140.4486853,36.3864281,茨城県,水戸市,上水戸2-9-10,310-0041
3078,水戸元吉田町店,140.483026,36.3382571,茨城県,水戸市,元吉田町1959 ,310-0836
3176,イオンモール水戸内原店,140.3624758,36.3718188,茨城県,水戸市,中原町字西１３５,319-0305
3065,R6日立金沢町店,140.62605,36.5420864,茨城県,日立市,金沢町2-3-21,316-0015
7027,土浦ピアタウン店,140.2124853,36.0887347,茨城県,土浦市,真鍋新町18-13 カスミピアタウン1F,300-0053
7205,イオンモール土浦店,140.1839322,36.0770075,茨城県,土浦市,上高津367番地,300-0811
886,荒川沖店,140.1624947,36.0372408,茨城県,土浦市,中村南4-7-15 ,300-0843
7131,イオン古河店,139.7233422,36.1939613,茨城県,古河市,旭町1-2-17 イオン古河内,306-0012
1453,総和店,139.7341958,36.1979414,茨城県,古河市,西牛谷1626-1 ,306-0233
7176,ヨークベニマル石岡店,140.3093617,36.1949781,茨城県,石岡市,東大橋字中峰1937番地の1,315-0031
7134,結城店,139.8722314,36.2840659,茨城県,結城市,大字結城8575 とりせん結城店内,307-0001
1017,竜ケ崎店,140.1758861,35.9039606,茨城県,龍ケ崎市,川原代町字文間通り5588-1 ,301-0005
7196,イオンモール下妻店,139.9930881,36.1871025,茨城県,下妻市,堀籠972-1,304-0033
7219,笠間ポレポレシティー店,140.2549936,36.3883822,茨城県,笠間市,赤坂8番地,309-1616
941,牛久店,140.1545717,35.9719503,茨城県,牛久市,神谷1-6-5 ,300-1216
7221,つくばクレオ店,140.1150803,36.0773336,茨城県,つくば市,吾妻1-7-1　クレオ1階,305-0031
718,筑波学園店,140.1078586,36.0729886,茨城県,つくば市,小野崎174-1 ,305-0034
3070,勝田市毛店,140.5088142,36.39476,茨城県,ひたちなか市,市毛1082 ,312-0033
3071,勝田稲田店,140.527104,36.4280429,茨城県,ひたちなか市,稲田1059 ,312-0061
3175,鹿嶋店,140.6448452,35.9590896,茨城県,鹿嶋市,宮中３３２-１,314-0031
987,南守谷店,139.9973516,35.938713,茨城県,守谷市,松ケ丘1-11-1 ,302-0127
3114,イオン常陸大宮店 ,140.4342864,36.5191439,茨城県,常陸大宮市,下村田2387,319-2131
3043,下館店,139.9698603,36.3062797,茨城県,筑西市,西谷貝沼堀347 ,308-0054
3004,ヨークタウン坂東店,139.8934192,36.0342867,茨城県,坂東市,辺田1104-1,306-0632
1276,江戸崎パンプ店,140.3191733,35.9559989,茨城県,稲敷市,大字江戸崎甲4836 ,300-0504
1085,神栖店,140.6463639,35.8951947,茨城県,神栖市,神栖1-12-1 ,314-0143
7031,イオン東海店,140.57011,36.4601247,茨城県,那珂郡東海村,舟石川駅東四丁目1番1号 イオン東海店1F,319-1111
913,宇都宮宝木店,139.8532878,36.5806014,栃木県,宇都宮市,宝木町2-2575-1 ,320-0061
1322,宇都宮アピタ店,139.8701642,36.528675,栃木県,宇都宮市,江曽島本町22-7 ,321-0101
7130,FKDインターパーク店,139.9097725,36.4875028,栃木県,宇都宮市,インターパーク6丁目1番地1,321-0118
802,宇都宮西川田店,139.8580786,36.5060814,栃木県,宇都宮市,西川田町6-6-39 ,321-0151
1459,宇都宮簗瀬店,139.9045586,36.5396297,栃木県,宇都宮市,東簗瀬1-28-27 ,321-0925
1460,福田屋ショッピングプラザ店,139.9035589,36.5707128,栃木県,宇都宮市,今泉町237 ,321-0962
909,宇都宮御幸町店,139.9239669,36.5756125,栃木県,宇都宮市,御幸町字道下289-12 ,321-0984
7122,足利コムファースト店,139.4529108,36.3171186,栃木県,足利市,朝倉町245-5,326-0823
905,足利南店,139.4486281,36.3073597,栃木県,足利市,堀込町2481-1 ,326-0831
7033,イオン栃木店,139.727195,36.39163,栃木県,栃木市,箱森町37-9,328-0075
7124,イオンモール佐野新都市店,139.6094208,36.2955683,栃木県,佐野市,高萩町1324-1,327-0821
876,佐野店,139.595065,36.3030961,栃木県,佐野市,浅沼町字原602-2 ,327-0831
1461,鹿沼店,139.7699172,36.5582286,栃木県,鹿沼市,貝島町506-2 ,322-0027
1083,今市店,139.7165333,36.7181372,栃木県,日光市,森友807-1 ,321-2335
7195,イオンモール小山店,139.844365,36.3192606,栃木県,小山市,中久喜1467-1,323-0806
1454,小山南店,139.8099992,36.2967511,栃木県,小山市,西城南3-1-10 ,323-0820
965,真岡店,139.9668611,36.4344083,栃木県,真岡市,長田字障子合441-37 ,321-4364
943,大田原店,140.0144056,36.8719083,栃木県,大田原市,本町1-2695-7 ,324-0041
7206,ヨークベニマル矢板店,139.9324647,36.7953994,栃木県,矢板市,富田168-1　ヨークベニマル矢板店内,329-2145
3046,イオン那須塩原店,140.0095681,36.9261164,栃木県,那須塩原市,島方455番地,379-0115
3068,氏家店,139.9636006,36.6763536,栃木県,さくら市,卯の里3-42-2 ,329-1323
7114,石橋ヨークタウン店,139.8716352,36.4652052,栃木県,下野市,下古山3362-1,329-0502
